date,description,amount,category,clean_description,month,day_of_week,year_month,category_encoded
2023-01-01,SWIGGY DELIVERY #3588,689.86,Food & Dining,swiggy delivery,1,6,2023-01,2
2023-01-01,LAB TEST #5930,1277.62,Health,lab test,1,6,2023-01,3
2023-01-01,MYNTRA FASHION #9837,7637.3,Shopping,myntra fashion,1,6,2023-01,4
2023-01-02,SWIGGY DELIVERY #8901,1006.12,Food & Dining,swiggy delivery,1,0,2023-01,2
2023-01-03,IRCTC TICKET #1960,354.34,Transport,irctc ticket,1,1,2023-01,5
2023-01-04,GROCERY STORE #8123,279.33,Food & Dining,grocery store,1,2,2023-01,2
2023-01-04,PHARMACY BILL #7487,837.93,Health,pharmacy bill,1,2,2023-01,3
2023-01-05,MYNTRA FASHION #6134,5149.09,Shopping,myntra fashion,1,3,2023-01,4
2023-01-05,MOBILE RECHARGE #8274,356.83,Bills & Utilities,mobile recharge,1,3,2023-01,0
2023-01-06,IKEA PURCHASE #1852,1453.76,Shopping,ikea purchase,1,4,2023-01,4
2023-01-06,DOCTOR CONSULTATION #8107,1649.69,Health,doctor consultation,1,4,2023-01,3
2023-01-06,GAS CYLINDER #8685,2298.15,Bills & Utilities,gas cylinder,1,4,2023-01,0
2023-01-06,DOCTOR CONSULTATION #8352,964.09,Health,doctor consultation,1,4,2023-01,3
2023-01-07,INDIGO AIRLINES #5557,1624.58,Transport,indigo airlines,1,5,2023-01,5
2023-01-07,NYKAA COSMETICS #9301,4489.95,Shopping,nykaa cosmetics,1,5,2023-01,4
2023-01-07,BOOKMYSHOW #4007,718.75,Entertainment,bookmyshow,1,5,2023-01,1
2023-01-07,PRACTO APPOINTMENT #4363,1260.91,Health,practo appointment,1,5,2023-01,3
2023-01-08,DTH RECHARGE #4698,1010.38,Bills & Utilities,dth recharge,1,6,2023-01,0
2023-01-08,MEESHO ORDER #1089,5731.36,Shopping,meesho order,1,6,2023-01,4
2023-01-08,DISNEY PLUS #4770,923.4,Entertainment,disney plus,1,6,2023-01,1
2023-01-09,EMI PAYMENT #6864,1995.08,Bills & Utilities,emi payment,1,0,2023-01,0
2023-01-09,LAB TEST #2120,1638.47,Health,lab test,1,0,2023-01,3
2023-01-09,BIGBASKET ORDER #8039,1465.84,Food & Dining,bigbasket order,1,0,2023-01,2
2023-01-09,EYE CLINIC #5444,253.95,Health,eye clinic,1,0,2023-01,3
2023-01-09,RELIANCE TRENDS #2415,4514.11,Shopping,reliance trends,1,0,2023-01,4
2023-01-10,HOTSTAR PREMIUM #7484,1204.59,Entertainment,hotstar premium,1,1,2023-01,1
2023-01-10,APPLE MUSIC #4639,248.33,Entertainment,apple music,1,1,2023-01,1
2023-01-10,RESTAURANT BILL #9872,552.31,Food & Dining,restaurant bill,1,1,2023-01,2
2023-01-10,DECATHLON SPORTS #1878,6951.07,Shopping,decathlon sports,1,1,2023-01,4
2023-01-10,INSURANCE PREMIUM #8798,374.96,Bills & Utilities,insurance premium,1,1,2023-01,0
2023-01-10,PHARMACY BILL #8807,112.41,Health,pharmacy bill,1,1,2023-01,3
2023-01-10,RAPIDO BIKE #3450,961.78,Transport,rapido bike,1,1,2023-01,5
2023-01-10,GAS CYLINDER #4366,3506.44,Bills & Utilities,gas cylinder,1,1,2023-01,0
2023-01-10,INDIGO AIRLINES #5161,935.35,Transport,indigo airlines,1,1,2023-01,5
2023-01-11,HOSPITAL BILL #1487,1383.48,Health,hospital bill,1,2,2023-01,3
2023-01-11,GROCERY STORE #9074,1222.1,Food & Dining,grocery store,1,2,2023-01,2
2023-01-12,NETFLIX SUBSCRIPTION #6628,848.58,Entertainment,netflix subscription,1,3,2023-01,1
2023-01-13,RELIANCE TRENDS #7616,7577.36,Shopping,reliance trends,1,4,2023-01,4
2023-01-13,AUTO RICKSHAW #1042,116.75,Transport,auto rickshaw,1,4,2023-01,5
2023-01-13,PETROL PUMP #5097,1639.98,Transport,petrol pump,1,4,2023-01,5
2023-01-14,KFC ORDER #6761,1243.81,Food & Dining,kfc order,1,5,2023-01,2
2023-01-14,INSURANCE PREMIUM #4808,2566.76,Bills & Utilities,insurance premium,1,5,2023-01,0
2023-01-14,NYKAA COSMETICS #2827,955.72,Shopping,nykaa cosmetics,1,5,2023-01,4
2023-01-15,BOOKMYSHOW #2479,1206.75,Entertainment,bookmyshow,1,6,2023-01,1
2023-01-15,WATER BILL #1273,2978.08,Bills & Utilities,water bill,1,6,2023-01,0
2023-01-16,MYNTRA FASHION #3580,2334.37,Shopping,myntra fashion,1,0,2023-01,4
2023-01-16,PHARMACY BILL #4814,361.57,Health,pharmacy bill,1,0,2023-01,3
2023-01-16,SUBWAY #2604,123.35,Food & Dining,subway,1,0,2023-01,2
2023-01-17,UBER TRIP #7162,1561.99,Transport,uber trip,1,1,2023-01,5
2023-01-17,MYNTRA FASHION #3200,290.5,Shopping,myntra fashion,1,1,2023-01,4
2023-01-17,CAFE COFFEE DAY #7116,417.79,Food & Dining,cafe coffee day,1,1,2023-01,2
2023-01-17,AMAZON ORDER #8916,5342.42,Shopping,amazon order,1,1,2023-01,4
2023-01-18,MEDICINE ORDER #2959,1182.29,Health,medicine order,1,2,2023-01,3
2023-01-19,MEESHO ORDER #4431,4543.28,Shopping,meesho order,1,3,2023-01,4
2023-01-19,DECATHLON SPORTS #7445,6006.25,Shopping,decathlon sports,1,3,2023-01,4
2023-01-19,INSURANCE PREMIUM #5287,2757.95,Bills & Utilities,insurance premium,1,3,2023-01,0
2023-01-20,ZOMATO ORDER #3319,758.9,Food & Dining,zomato order,1,4,2023-01,2
2023-01-20,AUTO RICKSHAW #7642,1210.73,Transport,auto rickshaw,1,4,2023-01,5
2023-01-20,SWIGGY DELIVERY #9713,310.63,Food & Dining,swiggy delivery,1,4,2023-01,2
2023-01-21,DENTAL CLINIC #4029,1275.46,Health,dental clinic,1,5,2023-01,3
2023-01-21,ZOMATO ORDER #4811,922.41,Food & Dining,zomato order,1,5,2023-01,2
2023-01-21,MEDICINE ORDER #5400,2701.39,Health,medicine order,1,5,2023-01,3
2023-01-22,RESTAURANT BILL #4681,142.84,Food & Dining,restaurant bill,1,6,2023-01,2
2023-01-22,LIFESTYLE STORE #8272,5954.13,Shopping,lifestyle store,1,6,2023-01,4
2023-01-22,WATER BILL #4475,3244.35,Bills & Utilities,water bill,1,6,2023-01,0
2023-01-22,SWIGGY DELIVERY #4750,1444.77,Food & Dining,swiggy delivery,1,6,2023-01,2
2023-01-23,BUS PASS #1317,329.73,Transport,bus pass,1,0,2023-01,5
2023-01-24,GAS CYLINDER #4346,2651.37,Bills & Utilities,gas cylinder,1,1,2023-01,0
2023-01-24,MOVIE TICKET #4143,1286.58,Entertainment,movie ticket,1,1,2023-01,1
2023-01-24,RENT PAYMENT #3741,1001.04,Bills & Utilities,rent payment,1,1,2023-01,0
2023-01-24,DENTAL CLINIC #5909,1045.63,Health,dental clinic,1,1,2023-01,3
2023-01-24,SPOTIFY PREMIUM #4648,1268.59,Entertainment,spotify premium,1,1,2023-01,1
2023-01-25,YOGA CLASS #4171,104.58,Health,yoga class,1,2,2023-01,3
2023-01-26,GYM MEMBERSHIP #3292,203.53,Health,gym membership,1,3,2023-01,3
2023-01-26,EMI PAYMENT #9199,838.65,Bills & Utilities,emi payment,1,3,2023-01,0
2023-01-26,RESTAURANT BILL #2517,693.47,Food & Dining,restaurant bill,1,3,2023-01,2
2023-01-27,GROCERY STORE #4705,1220.47,Food & Dining,grocery store,1,4,2023-01,2
2023-01-27,DISNEY PLUS #9395,670.67,Entertainment,disney plus,1,4,2023-01,1
2023-01-27,EMI PAYMENT #2659,1764.12,Bills & Utilities,emi payment,1,4,2023-01,0
2023-01-27,NYKAA COSMETICS #5089,7692.06,Shopping,nykaa cosmetics,1,4,2023-01,4
2023-01-27,PETROL PUMP #2749,289.15,Transport,petrol pump,1,4,2023-01,5
2023-01-28,APPLE MUSIC #5668,1190.34,Entertainment,apple music,1,5,2023-01,1
2023-01-28,BUS PASS #6715,1624.82,Transport,bus pass,1,5,2023-01,5
2023-01-28,RESTAURANT BILL #8391,1332.71,Food & Dining,restaurant bill,1,5,2023-01,2
2023-01-28,EMI PAYMENT #6040,4004.1,Bills & Utilities,emi payment,1,5,2023-01,0
2023-01-29,DECATHLON SPORTS #8548,7192.89,Shopping,decathlon sports,1,6,2023-01,4
2023-01-29,PETROL PUMP #2497,61.6,Transport,petrol pump,1,6,2023-01,5
2023-01-29,INTERNET BILL #2860,834.82,Bills & Utilities,internet bill,1,6,2023-01,0
2023-01-30,INTERNET BILL #5471,2235.6,Bills & Utilities,internet bill,1,0,2023-01,0
2023-01-30,PARKING FEE #7221,1564.95,Transport,parking fee,1,0,2023-01,5
2023-01-30,BIGBASKET ORDER #6592,624.27,Food & Dining,bigbasket order,1,0,2023-01,2
2023-01-30,UBER TRIP #2728,886.74,Transport,uber trip,1,0,2023-01,5
2023-01-30,GAS CYLINDER #9589,4408.73,Bills & Utilities,gas cylinder,1,0,2023-01,0
2023-01-31,YOGA CLASS #2934,2337.15,Health,yoga class,1,1,2023-01,3
2023-02-01,DOCTOR CONSULTATION #1305,2563.8,Health,doctor consultation,2,2,2023-02,3
2023-02-01,GYM MEMBERSHIP #7825,1892.51,Health,gym membership,2,2,2023-02,3
2023-02-01,MEDICINE ORDER #9006,585.04,Health,medicine order,2,2,2023-02,3
2023-02-01,DENTAL CLINIC #5941,1428.32,Health,dental clinic,2,2,2023-02,3
2023-02-01,FLIPKART PURCHASE #3446,2387.59,Shopping,flipkart purchase,2,2,2023-02,4
2023-02-01,GAMING PURCHASE #2140,297.77,Entertainment,gaming purchase,2,2,2023-02,1
2023-02-02,ZOMATO ORDER #4750,147.73,Food & Dining,zomato order,2,3,2023-02,2
2023-02-02,HOSPITAL BILL #1916,764.24,Health,hospital bill,2,3,2023-02,3
2023-02-03,YOGA CLASS #9897,1734.18,Health,yoga class,2,4,2023-02,3
2023-02-03,BUS PASS #6933,784.22,Transport,bus pass,2,4,2023-02,5
2023-02-03,BIGBASKET ORDER #1601,260.79,Food & Dining,bigbasket order,2,4,2023-02,2
2023-02-03,GAS CYLINDER #3683,1046.97,Bills & Utilities,gas cylinder,2,4,2023-02,0
2023-02-03,RESTAURANT BILL #5877,1318.47,Food & Dining,restaurant bill,2,4,2023-02,2
2023-02-03,HOTSTAR PREMIUM #4483,737.06,Entertainment,hotstar premium,2,4,2023-02,1
2023-02-04,INDIGO AIRLINES #2207,1604.41,Transport,indigo airlines,2,5,2023-02,5
2023-02-04,HOTSTAR PREMIUM #2401,1464.31,Entertainment,hotstar premium,2,5,2023-02,1
2023-02-04,MEESHO ORDER #5641,2164.79,Shopping,meesho order,2,5,2023-02,4
2023-02-06,DTH RECHARGE #5827,1517.12,Bills & Utilities,dth recharge,2,0,2023-02,0
2023-02-06,PHARMACY BILL #2681,1269.98,Health,pharmacy bill,2,0,2023-02,3
2023-02-07,GAS CYLINDER #8111,401.19,Bills & Utilities,gas cylinder,2,1,2023-02,0
2023-02-07,KFC ORDER #3174,347.52,Food & Dining,kfc order,2,1,2023-02,2
2023-02-07,IRCTC TICKET #3880,1869.83,Transport,irctc ticket,2,1,2023-02,5
2023-02-08,INSURANCE PREMIUM #6063,960.23,Bills & Utilities,insurance premium,2,2,2023-02,0
2023-02-08,EYE CLINIC #4804,1651.94,Health,eye clinic,2,2,2023-02,3
2023-02-08,INSURANCE PREMIUM #7012,263.96,Bills & Utilities,insurance premium,2,2,2023-02,0
2023-02-08,PRACTO APPOINTMENT #2911,505.35,Health,practo appointment,2,2,2023-02,3
2023-02-09,UBER TRIP #2942,170.56,Transport,uber trip,2,3,2023-02,5
2023-02-10,GROCERY STORE #7179,1026.82,Food & Dining,grocery store,2,4,2023-02,2
2023-02-10,MOVIE TICKET #3240,979.18,Entertainment,movie ticket,2,4,2023-02,1
2023-02-10,BUS PASS #7713,611.84,Transport,bus pass,2,4,2023-02,5
2023-02-10,GAS CYLINDER #1685,1610.47,Bills & Utilities,gas cylinder,2,4,2023-02,0
2023-02-10,MAINTENANCE FEE #8448,4419.6,Bills & Utilities,maintenance fee,2,4,2023-02,0
2023-02-10,RESTAURANT BILL #9498,829.91,Food & Dining,restaurant bill,2,4,2023-02,2
2023-02-10,BOOKMYSHOW #9043,743.75,Entertainment,bookmyshow,2,4,2023-02,1
2023-02-10,HOSPITAL BILL #3199,906.57,Health,hospital bill,2,4,2023-02,3
2023-02-11,RAPIDO BIKE #9418,265.13,Transport,rapido bike,2,5,2023-02,5
2023-02-11,DOMINOS PIZZA #5984,1248.26,Food & Dining,dominos pizza,2,5,2023-02,2
2023-02-11,DTH RECHARGE #5723,2829.95,Bills & Utilities,dth recharge,2,5,2023-02,0
2023-02-11,SPOTIFY PREMIUM #8187,440.35,Entertainment,spotify premium,2,5,2023-02,1
2023-02-12,DECATHLON SPORTS #9500,2942.28,Shopping,decathlon sports,2,6,2023-02,4
2023-02-12,GROCERY STORE #2983,1204.53,Food & Dining,grocery store,2,6,2023-02,2
2023-02-12,LAB TEST #3641,789.93,Health,lab test,2,6,2023-02,3
2023-02-13,HOSPITAL BILL #2562,2694.89,Health,hospital bill,2,0,2023-02,3
2023-02-13,MYNTRA FASHION #2717,3743.56,Shopping,myntra fashion,2,0,2023-02,4
2023-02-13,ZOMATO ORDER #6558,131.28,Food & Dining,zomato order,2,0,2023-02,2
2023-02-13,DISNEY PLUS #6802,199.98,Entertainment,disney plus,2,0,2023-02,1
2023-02-13,UBER TRIP #5331,757.79,Transport,uber trip,2,0,2023-02,5
2023-02-14,EYE CLINIC #3712,2191.43,Health,eye clinic,2,1,2023-02,3
2023-02-14,MEDICINE ORDER #9151,611.34,Health,medicine order,2,1,2023-02,3
2023-02-14,MOBILE RECHARGE #1095,1714.19,Bills & Utilities,mobile recharge,2,1,2023-02,0
2023-02-14,PRACTO APPOINTMENT #9553,1319.98,Health,practo appointment,2,1,2023-02,3
2023-02-14,SWIGGY DELIVERY #9572,1005.39,Food & Dining,swiggy delivery,2,1,2023-02,2
2023-02-14,INSURANCE PREMIUM #4629,4732.54,Bills & Utilities,insurance premium,2,1,2023-02,0
2023-02-14,MAINTENANCE FEE #6922,2634.56,Bills & Utilities,maintenance fee,2,1,2023-02,0
2023-02-15,UBER TRIP #3750,1456.3,Transport,uber trip,2,2,2023-02,5
2023-02-15,MAINTENANCE FEE #6225,429.15,Bills & Utilities,maintenance fee,2,2,2023-02,0
2023-02-15,HOSPITAL BILL #3725,1976.3,Health,hospital bill,2,2,2023-02,3
2023-02-15,SWIGGY DELIVERY #9970,555.54,Food & Dining,swiggy delivery,2,2,2023-02,2
2023-02-15,SPOTIFY PREMIUM #1083,684.3,Entertainment,spotify premium,2,2,2023-02,1
2023-02-16,DISNEY PLUS #7125,1082.64,Entertainment,disney plus,2,3,2023-02,1
2023-02-16,INTERNET BILL #7478,1761.09,Bills & Utilities,internet bill,2,3,2023-02,0
2023-02-16,MEESHO ORDER #7073,2640.79,Shopping,meesho order,2,3,2023-02,4
2023-02-16,NETFLIX SUBSCRIPTION #2036,1158.1,Entertainment,netflix subscription,2,3,2023-02,1
2023-02-16,RELIANCE TRENDS #2006,419.55,Shopping,reliance trends,2,3,2023-02,4
2023-02-16,WATER BILL #2556,4271.1,Bills & Utilities,water bill,2,3,2023-02,0
2023-02-16,KFC ORDER #6249,632.61,Food & Dining,kfc order,2,3,2023-02,2
2023-02-17,MCDONALD'S #2426,533.27,Food & Dining,mcdonalds,2,4,2023-02,2
2023-02-17,GAS CYLINDER #5906,4526.78,Bills & Utilities,gas cylinder,2,4,2023-02,0
2023-02-18,NYKAA COSMETICS #9314,2964.89,Shopping,nykaa cosmetics,2,5,2023-02,4
2023-02-18,AMAZON ORDER #4131,2431.66,Shopping,amazon order,2,5,2023-02,4
2023-02-18,BOOKMYSHOW #8972,519.35,Entertainment,bookmyshow,2,5,2023-02,1
2023-02-18,AUTO RICKSHAW #5712,1395.08,Transport,auto rickshaw,2,5,2023-02,5
2023-02-18,PRACTO APPOINTMENT #5046,1027.54,Health,practo appointment,2,5,2023-02,3
2023-02-19,NETFLIX SUBSCRIPTION #2217,1423.21,Entertainment,netflix subscription,2,6,2023-02,1
2023-02-19,NETFLIX SUBSCRIPTION #8314,936.5,Entertainment,netflix subscription,2,6,2023-02,1
2023-02-19,APPLE MUSIC #1796,931.09,Entertainment,apple music,2,6,2023-02,1
2023-02-20,GAMING PURCHASE #9456,1170.99,Entertainment,gaming purchase,2,0,2023-02,1
2023-02-20,DOCTOR CONSULTATION #5670,179.61,Health,doctor consultation,2,0,2023-02,3
2023-02-20,YOGA CLASS #5872,788.89,Health,yoga class,2,0,2023-02,3
2023-02-20,CAFE COFFEE DAY #6431,1051.24,Food & Dining,cafe coffee day,2,0,2023-02,2
2023-02-22,MAINTENANCE FEE #8216,1769.46,Bills & Utilities,maintenance fee,2,2,2023-02,0
2023-02-22,YOUTUBE PREMIUM #5114,1367.38,Entertainment,youtube premium,2,2,2023-02,1
2023-02-23,PETROL PUMP #3267,1749.81,Transport,petrol pump,2,3,2023-02,5
2023-02-23,PETROL PUMP #4687,1409.8,Transport,petrol pump,2,3,2023-02,5
2023-02-23,SUBWAY #2146,1432.81,Food & Dining,subway,2,3,2023-02,2
2023-02-23,BOOKMYSHOW #1258,343.12,Entertainment,bookmyshow,2,3,2023-02,1
2023-02-23,AJIO ORDER #8424,537.88,Shopping,ajio order,2,3,2023-02,4
2023-02-24,DENTAL CLINIC #2395,658.04,Health,dental clinic,2,4,2023-02,3
2023-02-24,GAS CYLINDER #5819,405.81,Bills & Utilities,gas cylinder,2,4,2023-02,0
2023-02-25,DTH RECHARGE #7305,828.41,Bills & Utilities,dth recharge,2,5,2023-02,0
2023-02-25,RESTAURANT BILL #9308,1237.82,Food & Dining,restaurant bill,2,5,2023-02,2
2023-02-25,AMAZON ORDER #1570,6763.49,Shopping,amazon order,2,5,2023-02,4
2023-02-25,DECATHLON SPORTS #3727,3495.21,Shopping,decathlon sports,2,5,2023-02,4
2023-02-25,NETFLIX SUBSCRIPTION #9889,746.23,Entertainment,netflix subscription,2,5,2023-02,1
2023-02-25,YOUTUBE PREMIUM #1871,363.68,Entertainment,youtube premium,2,5,2023-02,1
2023-02-25,HOSPITAL BILL #6615,802.52,Health,hospital bill,2,5,2023-02,3
2023-02-26,PHARMACY BILL #8960,2368.48,Health,pharmacy bill,2,6,2023-02,3
2023-02-26,RESTAURANT BILL #7475,1477.45,Food & Dining,restaurant bill,2,6,2023-02,2
2023-02-26,WATER BILL #8428,3100.25,Bills & Utilities,water bill,2,6,2023-02,0
2023-02-26,DOCTOR CONSULTATION #6500,2233.71,Health,doctor consultation,2,6,2023-02,3
2023-02-26,OLA RIDE #5635,666.65,Transport,ola ride,2,6,2023-02,5
2023-02-27,MCDONALD'S #7251,163.79,Food & Dining,mcdonalds,2,0,2023-02,2
2023-02-27,DECATHLON SPORTS #7690,2183.59,Shopping,decathlon sports,2,0,2023-02,4
2023-02-27,MEDICINE ORDER #9462,2614.85,Health,medicine order,2,0,2023-02,3
2023-02-28,DISNEY PLUS #5693,1095.96,Entertainment,disney plus,2,1,2023-02,1
2023-02-28,DISNEY PLUS #1998,1146.91,Entertainment,disney plus,2,1,2023-02,1
2023-02-28,GAMING PURCHASE #5498,994.9,Entertainment,gaming purchase,2,1,2023-02,1
2023-02-28,RESTAURANT BILL #2534,289.41,Food & Dining,restaurant bill,2,1,2023-02,2
2023-03-01,PETROL PUMP #5861,458.87,Transport,petrol pump,3,2,2023-03,5
2023-03-02,PRACTO APPOINTMENT #5198,311.86,Health,practo appointment,3,3,2023-03,3
2023-03-02,RAPIDO BIKE #9954,991.98,Transport,rapido bike,3,3,2023-03,5
2023-03-03,LIFESTYLE STORE #9278,1061.45,Shopping,lifestyle store,3,4,2023-03,4
2023-03-03,EYE CLINIC #6544,2799.46,Health,eye clinic,3,4,2023-03,3
2023-03-03,BUS PASS #3084,93.23,Transport,bus pass,3,4,2023-03,5
2023-03-04,INSURANCE PREMIUM #8993,1236.34,Bills & Utilities,insurance premium,3,5,2023-03,0
2023-03-05,AJIO ORDER #8792,4110.66,Shopping,ajio order,3,6,2023-03,4
2023-03-05,MYNTRA FASHION #2212,2362.84,Shopping,myntra fashion,3,6,2023-03,4
2023-03-05,DTH RECHARGE #2065,3934.97,Bills & Utilities,dth recharge,3,6,2023-03,0
2023-03-06,EYE CLINIC #4907,1518.77,Health,eye clinic,3,0,2023-03,3
2023-03-06,BIGBASKET ORDER #4148,1035.94,Food & Dining,bigbasket order,3,0,2023-03,2
2023-03-06,ELECTRICITY BILL #4519,1108.34,Bills & Utilities,electricity bill,3,0,2023-03,0
2023-03-07,AJIO ORDER #3051,975.64,Shopping,ajio order,3,1,2023-03,4
2023-03-07,EMI PAYMENT #3796,4193.23,Bills & Utilities,emi payment,3,1,2023-03,0
2023-03-07,RAPIDO BIKE #7505,232.93,Transport,rapido bike,3,1,2023-03,5
2023-03-07,RENT PAYMENT #6220,4314.91,Bills & Utilities,rent payment,3,1,2023-03,0
2023-03-07,NETFLIX SUBSCRIPTION #7914,906.54,Entertainment,netflix subscription,3,1,2023-03,1
2023-03-07,IRCTC TICKET #9619,253.89,Transport,irctc ticket,3,1,2023-03,5
2023-03-08,BIGBASKET ORDER #4666,1401.08,Food & Dining,bigbasket order,3,2,2023-03,2
2023-03-09,CAFE COFFEE DAY #4485,715.23,Food & Dining,cafe coffee day,3,3,2023-03,2
2023-03-09,PETROL PUMP #6113,1197.29,Transport,petrol pump,3,3,2023-03,5
2023-03-09,AUTO RICKSHAW #6353,799.74,Transport,auto rickshaw,3,3,2023-03,5
2023-03-10,SWIGGY DELIVERY #5541,764.92,Food & Dining,swiggy delivery,3,4,2023-03,2
2023-03-10,RAPIDO BIKE #5225,659.91,Transport,rapido bike,3,4,2023-03,5
2023-03-10,DOMINOS PIZZA #8179,100.46,Food & Dining,dominos pizza,3,4,2023-03,2
2023-03-10,DENTAL CLINIC #2198,942.89,Health,dental clinic,3,4,2023-03,3
2023-03-10,IKEA PURCHASE #5782,5399.92,Shopping,ikea purchase,3,4,2023-03,4
2023-03-11,RESTAURANT BILL #5614,418.91,Food & Dining,restaurant bill,3,5,2023-03,2
2023-03-11,EYE CLINIC #4962,1564.24,Health,eye clinic,3,5,2023-03,3
2023-03-11,IKEA PURCHASE #1173,5447.85,Shopping,ikea purchase,3,5,2023-03,4
2023-03-12,KFC ORDER #2312,1284.45,Food & Dining,kfc order,3,6,2023-03,2
2023-03-12,IKEA PURCHASE #8018,5359.87,Shopping,ikea purchase,3,6,2023-03,4
2023-03-12,DOCTOR CONSULTATION #9866,2982.96,Health,doctor consultation,3,6,2023-03,3
2023-03-12,GYM MEMBERSHIP #8183,2413.29,Health,gym membership,3,6,2023-03,3
2023-03-12,IKEA PURCHASE #5404,3420.65,Shopping,ikea purchase,3,6,2023-03,4
2023-03-12,MOVIE TICKET #3170,1406.5,Entertainment,movie ticket,3,6,2023-03,1
2023-03-13,MEDICINE ORDER #8833,1364.57,Health,medicine order,3,0,2023-03,3
2023-03-13,EYE CLINIC #6925,1774.32,Health,eye clinic,3,0,2023-03,3
2023-03-14,MEDICINE ORDER #1022,2595.11,Health,medicine order,3,1,2023-03,3
2023-03-14,WATER BILL #8709,363.02,Bills & Utilities,water bill,3,1,2023-03,0
2023-03-14,DOCTOR CONSULTATION #6339,1712.83,Health,doctor consultation,3,1,2023-03,3
2023-03-14,RENT PAYMENT #2847,1281.3,Bills & Utilities,rent payment,3,1,2023-03,0
2023-03-14,MOBILE RECHARGE #2692,270.82,Bills & Utilities,mobile recharge,3,1,2023-03,0
2023-03-14,BIGBASKET ORDER #4616,928.63,Food & Dining,bigbasket order,3,1,2023-03,2
2023-03-14,AMAZON ORDER #5355,4326.36,Shopping,amazon order,3,1,2023-03,4
2023-03-14,MAINTENANCE FEE #6043,3241.14,Bills & Utilities,maintenance fee,3,1,2023-03,0
2023-03-15,LAB TEST #5352,2497.23,Health,lab test,3,2,2023-03,3
2023-03-15,APPLE MUSIC #9589,443.99,Entertainment,apple music,3,2,2023-03,1
2023-03-15,EMI PAYMENT #7631,4259.61,Bills & Utilities,emi payment,3,2,2023-03,0
2023-03-16,YOGA CLASS #8491,1016.91,Health,yoga class,3,3,2023-03,3
2023-03-16,INTERNET BILL #7653,1557.43,Bills & Utilities,internet bill,3,3,2023-03,0
2023-03-16,BIGBASKET ORDER #9514,1201.46,Food & Dining,bigbasket order,3,3,2023-03,2
2023-03-17,AJIO ORDER #1920,2945.15,Shopping,ajio order,3,4,2023-03,4
2023-03-17,MCDONALD'S #5839,1207.18,Food & Dining,mcdonalds,3,4,2023-03,2
2023-03-17,GAMING PURCHASE #7708,1252.5,Entertainment,gaming purchase,3,4,2023-03,1
2023-03-17,MEDICINE ORDER #4279,455.65,Health,medicine order,3,4,2023-03,3
2023-03-17,MYNTRA FASHION #7932,6354.8,Shopping,myntra fashion,3,4,2023-03,4
2023-03-17,SUBWAY #6434,104.94,Food & Dining,subway,3,4,2023-03,2
2023-03-18,DECATHLON SPORTS #3906,7870.94,Shopping,decathlon sports,3,5,2023-03,4
2023-03-18,APPLE MUSIC #5240,1384.32,Entertainment,apple music,3,5,2023-03,1
2023-03-18,PETROL PUMP #8790,564.06,Transport,petrol pump,3,5,2023-03,5
2023-03-19,INTERNET BILL #9142,3213.68,Bills & Utilities,internet bill,3,6,2023-03,0
2023-03-19,NYKAA COSMETICS #8650,5351.73,Shopping,nykaa cosmetics,3,6,2023-03,4
2023-03-19,RAPIDO BIKE #3504,1527.62,Transport,rapido bike,3,6,2023-03,5
2023-03-19,SWIGGY DELIVERY #8161,386.61,Food & Dining,swiggy delivery,3,6,2023-03,2
2023-03-20,MYNTRA FASHION #9824,1732.17,Shopping,myntra fashion,3,0,2023-03,4
2023-03-20,DISNEY PLUS #2867,683.7,Entertainment,disney plus,3,0,2023-03,1
2023-03-20,LIFESTYLE STORE #5911,3977.0,Shopping,lifestyle store,3,0,2023-03,4
2023-03-21,INSURANCE PREMIUM #2329,3957.8,Bills & Utilities,insurance premium,3,1,2023-03,0
2023-03-21,RENT PAYMENT #6985,2979.63,Bills & Utilities,rent payment,3,1,2023-03,0
2023-03-22,INTERNET BILL #5177,1096.35,Bills & Utilities,internet bill,3,2,2023-03,0
2023-03-22,DISNEY PLUS #4348,430.07,Entertainment,disney plus,3,2,2023-03,1
2023-03-22,MOVIE TICKET #2353,1117.64,Entertainment,movie ticket,3,2,2023-03,1
2023-03-22,YOUTUBE PREMIUM #4860,766.24,Entertainment,youtube premium,3,2,2023-03,1
2023-03-22,MEESHO ORDER #1949,2078.8,Shopping,meesho order,3,2,2023-03,4
2023-03-23,LIFESTYLE STORE #6123,6792.92,Shopping,lifestyle store,3,3,2023-03,4
2023-03-23,SWIGGY DELIVERY #5310,371.57,Food & Dining,swiggy delivery,3,3,2023-03,2
2023-03-23,PETROL PUMP #5122,1882.66,Transport,petrol pump,3,3,2023-03,5
2023-03-23,PRACTO APPOINTMENT #7199,739.72,Health,practo appointment,3,3,2023-03,3
2023-03-23,RESTAURANT BILL #9051,1396.19,Food & Dining,restaurant bill,3,3,2023-03,2
2023-03-24,IKEA PURCHASE #9847,4051.6,Shopping,ikea purchase,3,4,2023-03,4
2023-03-24,PRACTO APPOINTMENT #1555,894.71,Health,practo appointment,3,4,2023-03,3
2023-03-24,RELIANCE TRENDS #6238,7165.61,Shopping,reliance trends,3,4,2023-03,4
2023-03-25,AUTO RICKSHAW #9011,442.2,Transport,auto rickshaw,3,5,2023-03,5
2023-03-25,DECATHLON SPORTS #2783,1571.01,Shopping,decathlon sports,3,5,2023-03,4
2023-03-25,EYE CLINIC #5151,1130.83,Health,eye clinic,3,5,2023-03,3
2023-03-26,DECATHLON SPORTS #8942,3798.58,Shopping,decathlon sports,3,6,2023-03,4
2023-03-26,EYE CLINIC #1447,931.77,Health,eye clinic,3,6,2023-03,3
2023-03-26,LIFESTYLE STORE #3425,1231.07,Shopping,lifestyle store,3,6,2023-03,4
2023-03-26,MAINTENANCE FEE #5742,1482.89,Bills & Utilities,maintenance fee,3,6,2023-03,0
2023-03-27,WATER BILL #8412,2526.9,Bills & Utilities,water bill,3,0,2023-03,0
2023-03-28,PETROL PUMP #7563,763.31,Transport,petrol pump,3,1,2023-03,5
2023-03-28,IKEA PURCHASE #2388,1247.78,Shopping,ikea purchase,3,1,2023-03,4
2023-03-28,ELECTRICITY BILL #5781,2127.67,Bills & Utilities,electricity bill,3,1,2023-03,0
2023-03-28,NYKAA COSMETICS #7421,1205.82,Shopping,nykaa cosmetics,3,1,2023-03,4
2023-03-28,WATER BILL #6626,4913.69,Bills & Utilities,water bill,3,1,2023-03,0
2023-03-29,INDIGO AIRLINES #2099,209.71,Transport,indigo airlines,3,2,2023-03,5
2023-03-29,SWIGGY DELIVERY #8362,969.41,Food & Dining,swiggy delivery,3,2,2023-03,2
2023-03-29,WATER BILL #5840,2138.28,Bills & Utilities,water bill,3,2,2023-03,0
2023-03-29,PARKING FEE #7825,399.01,Transport,parking fee,3,2,2023-03,5
2023-03-30,PHARMACY BILL #2735,1212.44,Health,pharmacy bill,3,3,2023-03,3
2023-03-30,HOSPITAL BILL #1518,887.34,Health,hospital bill,3,3,2023-03,3
2023-03-30,INSURANCE PREMIUM #3126,3098.55,Bills & Utilities,insurance premium,3,3,2023-03,0
2023-03-30,LIFESTYLE STORE #4909,651.67,Shopping,lifestyle store,3,3,2023-03,4
2023-03-30,GAS CYLINDER #4394,1484.04,Bills & Utilities,gas cylinder,3,3,2023-03,0
2023-03-30,PRACTO APPOINTMENT #3286,2522.98,Health,practo appointment,3,3,2023-03,3
2023-03-31,EYE CLINIC #5889,1060.22,Health,eye clinic,3,4,2023-03,3
2023-03-31,AMAZON PRIME #6000,989.52,Entertainment,amazon prime,3,4,2023-03,1
2023-03-31,RAPIDO BIKE #2679,1363.1,Transport,rapido bike,3,4,2023-03,5
2023-03-31,YOGA CLASS #4441,1794.55,Health,yoga class,3,4,2023-03,3
2023-03-31,DOMINOS PIZZA #4378,996.33,Food & Dining,dominos pizza,3,4,2023-03,2
2023-03-31,PETROL PUMP #1953,245.33,Transport,petrol pump,3,4,2023-03,5
2023-03-31,MOBILE RECHARGE #6711,4324.78,Bills & Utilities,mobile recharge,3,4,2023-03,0
2023-04-01,DECATHLON SPORTS #9469,810.23,Shopping,decathlon sports,4,5,2023-04,4
2023-04-01,SPOTIFY PREMIUM #9021,1199.08,Entertainment,spotify premium,4,5,2023-04,1
2023-04-01,NETFLIX SUBSCRIPTION #3949,1103.8,Entertainment,netflix subscription,4,5,2023-04,1
2023-04-02,MEESHO ORDER #1044,299.45,Shopping,meesho order,4,6,2023-04,4
2023-04-02,LIFESTYLE STORE #6298,5540.96,Shopping,lifestyle store,4,6,2023-04,4
2023-04-02,FLIPKART PURCHASE #5767,883.91,Shopping,flipkart purchase,4,6,2023-04,4
2023-04-02,NYKAA COSMETICS #7828,4918.84,Shopping,nykaa cosmetics,4,6,2023-04,4
2023-04-02,NYKAA COSMETICS #1969,7281.91,Shopping,nykaa cosmetics,4,6,2023-04,4
2023-04-02,DECATHLON SPORTS #9841,1971.6,Shopping,decathlon sports,4,6,2023-04,4
2023-04-02,WATER BILL #1104,135.4,Bills & Utilities,water bill,4,6,2023-04,0
2023-04-03,NYKAA COSMETICS #4916,5251.59,Shopping,nykaa cosmetics,4,0,2023-04,4
2023-04-03,NYKAA COSMETICS #7563,630.52,Shopping,nykaa cosmetics,4,0,2023-04,4
2023-04-03,EMI PAYMENT #4308,4424.49,Bills & Utilities,emi payment,4,0,2023-04,0
2023-04-03,EYE CLINIC #9605,830.24,Health,eye clinic,4,0,2023-04,3
2023-04-03,MCDONALD'S #9095,266.26,Food & Dining,mcdonalds,4,0,2023-04,2
2023-04-04,PRACTO APPOINTMENT #6188,1146.03,Health,practo appointment,4,1,2023-04,3
2023-04-04,FLIPKART PURCHASE #5075,1430.05,Shopping,flipkart purchase,4,1,2023-04,4
2023-04-04,MEESHO ORDER #3266,4174.31,Shopping,meesho order,4,1,2023-04,4
2023-04-04,KFC ORDER #6199,603.92,Food & Dining,kfc order,4,1,2023-04,2
2023-04-05,IRCTC TICKET #9897,1087.96,Transport,irctc ticket,4,2,2023-04,5
2023-04-05,GAMING PURCHASE #4700,974.03,Entertainment,gaming purchase,4,2,2023-04,1
2023-04-06,ELECTRICITY BILL #3332,3587.1,Bills & Utilities,electricity bill,4,3,2023-04,0
2023-04-06,DOCTOR CONSULTATION #9962,2831.32,Health,doctor consultation,4,3,2023-04,3
2023-04-07,OLA RIDE #4263,937.84,Transport,ola ride,4,4,2023-04,5
2023-04-07,WATER BILL #5033,3864.44,Bills & Utilities,water bill,4,4,2023-04,0
2023-04-07,OLA RIDE #8856,569.24,Transport,ola ride,4,4,2023-04,5
2023-04-08,INSURANCE PREMIUM #6372,525.02,Bills & Utilities,insurance premium,4,5,2023-04,0
2023-04-08,DTH RECHARGE #8430,2053.78,Bills & Utilities,dth recharge,4,5,2023-04,0
2023-04-08,DENTAL CLINIC #3809,830.63,Health,dental clinic,4,5,2023-04,3
2023-04-08,GYM MEMBERSHIP #8032,2000.91,Health,gym membership,4,5,2023-04,3
2023-04-08,RENT PAYMENT #4005,3522.76,Bills & Utilities,rent payment,4,5,2023-04,0
2023-04-09,SWIGGY DELIVERY #5942,1018.0,Food & Dining,swiggy delivery,4,6,2023-04,2
2023-04-09,YOGA CLASS #3151,1141.23,Health,yoga class,4,6,2023-04,3
2023-04-10,BUS PASS #6092,153.8,Transport,bus pass,4,0,2023-04,5
2023-04-10,INDIGO AIRLINES #7669,405.11,Transport,indigo airlines,4,0,2023-04,5
2023-04-10,GROCERY STORE #8366,409.48,Food & Dining,grocery store,4,0,2023-04,2
2023-04-10,FLIPKART PURCHASE #4537,7692.58,Shopping,flipkart purchase,4,0,2023-04,4
2023-04-10,DOMINOS PIZZA #1818,1361.76,Food & Dining,dominos pizza,4,0,2023-04,2
2023-04-10,AJIO ORDER #2009,1378.82,Shopping,ajio order,4,0,2023-04,4
2023-04-10,AUTO RICKSHAW #8912,716.15,Transport,auto rickshaw,4,0,2023-04,5
2023-04-11,EMI PAYMENT #7394,1679.86,Bills & Utilities,emi payment,4,1,2023-04,0
2023-04-11,MYNTRA FASHION #4698,2334.44,Shopping,myntra fashion,4,1,2023-04,4
2023-04-12,MYNTRA FASHION #9800,233.77,Shopping,myntra fashion,4,2,2023-04,4
2023-04-12,DISNEY PLUS #9365,392.99,Entertainment,disney plus,4,2,2023-04,1
2023-04-12,OLA RIDE #1958,617.11,Transport,ola ride,4,2,2023-04,5
2023-04-12,IRCTC TICKET #9331,1953.93,Transport,irctc ticket,4,2,2023-04,5
2023-04-12,AJIO ORDER #1986,4955.12,Shopping,ajio order,4,2,2023-04,4
2023-04-13,WATER BILL #7790,833.25,Bills & Utilities,water bill,4,3,2023-04,0
2023-04-13,MOBILE RECHARGE #5327,2374.96,Bills & Utilities,mobile recharge,4,3,2023-04,0
2023-04-13,UBER TRIP #8110,1957.33,Transport,uber trip,4,3,2023-04,5
2023-04-14,METRO CARD RECHARGE #8734,581.91,Transport,metro card recharge,4,4,2023-04,5
2023-04-14,LAB TEST #8113,555.6,Health,lab test,4,4,2023-04,3
2023-04-14,NETFLIX SUBSCRIPTION #4943,387.72,Entertainment,netflix subscription,4,4,2023-04,1
2023-04-14,UBER TRIP #5846,1693.52,Transport,uber trip,4,4,2023-04,5
2023-04-15,WATER BILL #2734,3930.1,Bills & Utilities,water bill,4,5,2023-04,0
2023-04-15,DISNEY PLUS #5093,231.71,Entertainment,disney plus,4,5,2023-04,1
2023-04-15,MOBILE RECHARGE #9185,4917.2,Bills & Utilities,mobile recharge,4,5,2023-04,0
2023-04-15,PHARMACY BILL #6934,2205.28,Health,pharmacy bill,4,5,2023-04,3
2023-04-16,PRACTO APPOINTMENT #4250,1474.29,Health,practo appointment,4,6,2023-04,3
2023-04-16,ELECTRICITY BILL #9566,3240.96,Bills & Utilities,electricity bill,4,6,2023-04,0
2023-04-16,MEDICINE ORDER #7081,1708.17,Health,medicine order,4,6,2023-04,3
2023-04-17,FLIPKART PURCHASE #6649,2080.78,Shopping,flipkart purchase,4,0,2023-04,4
2023-04-18,AMAZON ORDER #6221,2236.8,Shopping,amazon order,4,1,2023-04,4
2023-04-18,LIFESTYLE STORE #6460,2704.25,Shopping,lifestyle store,4,1,2023-04,4
2023-04-18,APPLE MUSIC #3247,685.77,Entertainment,apple music,4,1,2023-04,1
2023-04-18,PRACTO APPOINTMENT #9514,2238.79,Health,practo appointment,4,1,2023-04,3
2023-04-19,DOCTOR CONSULTATION #6860,2791.34,Health,doctor consultation,4,2,2023-04,3
2023-04-19,AUTO RICKSHAW #8065,460.22,Transport,auto rickshaw,4,2,2023-04,5
2023-04-19,APPLE MUSIC #2928,495.07,Entertainment,apple music,4,2,2023-04,1
2023-04-20,BIGBASKET ORDER #3521,1066.93,Food & Dining,bigbasket order,4,3,2023-04,2
2023-04-20,GYM MEMBERSHIP #6175,1285.65,Health,gym membership,4,3,2023-04,3
2023-04-20,GYM MEMBERSHIP #5896,2118.06,Health,gym membership,4,3,2023-04,3
2023-04-20,ZOMATO ORDER #5888,873.54,Food & Dining,zomato order,4,3,2023-04,2
2023-04-20,DOCTOR CONSULTATION #3200,866.95,Health,doctor consultation,4,3,2023-04,3
2023-04-21,APPLE MUSIC #5631,517.16,Entertainment,apple music,4,4,2023-04,1
2023-04-21,PETROL PUMP #2110,720.45,Transport,petrol pump,4,4,2023-04,5
2023-04-21,SUBWAY #7580,668.1,Food & Dining,subway,4,4,2023-04,2
2023-04-21,INSURANCE PREMIUM #6377,2980.29,Bills & Utilities,insurance premium,4,4,2023-04,0
2023-04-21,INTERNET BILL #5371,880.07,Bills & Utilities,internet bill,4,4,2023-04,0
2023-04-21,INDIGO AIRLINES #4122,1442.07,Transport,indigo airlines,4,4,2023-04,5
2023-04-22,METRO CARD RECHARGE #7697,898.24,Transport,metro card recharge,4,5,2023-04,5
2023-04-22,GAMING PURCHASE #3923,1003.32,Entertainment,gaming purchase,4,5,2023-04,1
2023-04-22,RESTAURANT BILL #3230,1180.91,Food & Dining,restaurant bill,4,5,2023-04,2
2023-04-22,DOCTOR CONSULTATION #1370,2562.62,Health,doctor consultation,4,5,2023-04,3
2023-04-22,MAINTENANCE FEE #6931,2614.87,Bills & Utilities,maintenance fee,4,5,2023-04,0
2023-04-22,GAS CYLINDER #9788,4076.56,Bills & Utilities,gas cylinder,4,5,2023-04,0
2023-04-23,AUTO RICKSHAW #5106,1603.07,Transport,auto rickshaw,4,6,2023-04,5
2023-04-23,ELECTRICITY BILL #7035,1723.07,Bills & Utilities,electricity bill,4,6,2023-04,0
2023-04-23,PETROL PUMP #1517,1157.96,Transport,petrol pump,4,6,2023-04,5
2023-04-24,ZOMATO ORDER #3248,599.44,Food & Dining,zomato order,4,0,2023-04,2
2023-04-24,SPOTIFY PREMIUM #5713,118.24,Entertainment,spotify premium,4,0,2023-04,1
2023-04-24,YOGA CLASS #6140,1769.85,Health,yoga class,4,0,2023-04,3
2023-04-25,HOSPITAL BILL #2279,2760.01,Health,hospital bill,4,1,2023-04,3
2023-04-26,INSURANCE PREMIUM #7139,3528.13,Bills & Utilities,insurance premium,4,2,2023-04,0
2023-04-26,LAB TEST #8914,2769.15,Health,lab test,4,2,2023-04,3
2023-04-26,RENT PAYMENT #3793,1929.09,Bills & Utilities,rent payment,4,2,2023-04,0
2023-04-26,INDIGO AIRLINES #9115,1112.96,Transport,indigo airlines,4,2,2023-04,5
2023-04-26,INTERNET BILL #9425,1215.02,Bills & Utilities,internet bill,4,2,2023-04,0
2023-04-27,NETFLIX SUBSCRIPTION #2043,572.17,Entertainment,netflix subscription,4,3,2023-04,1
2023-04-27,GYM MEMBERSHIP #7793,2452.4,Health,gym membership,4,3,2023-04,3
2023-04-27,BUS PASS #3754,180.47,Transport,bus pass,4,3,2023-04,5
2023-04-27,BOOKMYSHOW #7367,955.44,Entertainment,bookmyshow,4,3,2023-04,1
2023-04-28,INSURANCE PREMIUM #9264,1986.74,Bills & Utilities,insurance premium,4,4,2023-04,0
2023-04-28,AMAZON ORDER #2208,2991.52,Shopping,amazon order,4,4,2023-04,4
2023-04-28,MOVIE TICKET #1188,1052.08,Entertainment,movie ticket,4,4,2023-04,1
2023-04-28,GAMING PURCHASE #2624,1210.13,Entertainment,gaming purchase,4,4,2023-04,1
2023-04-29,MYNTRA FASHION #5179,6231.97,Shopping,myntra fashion,4,5,2023-04,4
2023-04-29,AJIO ORDER #4082,6008.02,Shopping,ajio order,4,5,2023-04,4
2023-04-29,DOCTOR CONSULTATION #1323,239.88,Health,doctor consultation,4,5,2023-04,3
2023-04-30,DECATHLON SPORTS #7018,290.5,Shopping,decathlon sports,4,6,2023-04,4
2023-05-01,LAB TEST #9176,1601.46,Health,lab test,5,0,2023-05,3
2023-05-01,BOOKMYSHOW #6996,727.32,Entertainment,bookmyshow,5,0,2023-05,1
2023-05-01,NETFLIX SUBSCRIPTION #9311,246.68,Entertainment,netflix subscription,5,0,2023-05,1
2023-05-01,AMAZON ORDER #4470,7509.85,Shopping,amazon order,5,0,2023-05,4
2023-05-01,RESTAURANT BILL #2858,719.1,Food & Dining,restaurant bill,5,0,2023-05,2
2023-05-01,BIGBASKET ORDER #3787,1423.5,Food & Dining,bigbasket order,5,0,2023-05,2
2023-05-01,IKEA PURCHASE #6228,6227.74,Shopping,ikea purchase,5,0,2023-05,4
2023-05-01,MEESHO ORDER #9832,6836.06,Shopping,meesho order,5,0,2023-05,4
2023-05-02,LAB TEST #7051,2772.92,Health,lab test,5,1,2023-05,3
2023-05-02,PARKING FEE #3589,655.47,Transport,parking fee,5,1,2023-05,5
2023-05-02,INSURANCE PREMIUM #5582,4144.03,Bills & Utilities,insurance premium,5,1,2023-05,0
2023-05-02,RAPIDO BIKE #4062,339.99,Transport,rapido bike,5,1,2023-05,5
2023-05-02,DTH RECHARGE #1276,2008.56,Bills & Utilities,dth recharge,5,1,2023-05,0
2023-05-02,MYNTRA FASHION #5991,424.32,Shopping,myntra fashion,5,1,2023-05,4
2023-05-03,MOBILE RECHARGE #8591,1398.54,Bills & Utilities,mobile recharge,5,2,2023-05,0
2023-05-04,MCDONALD'S #3841,536.48,Food & Dining,mcdonalds,5,3,2023-05,2
2023-05-04,RELIANCE TRENDS #8115,3448.87,Shopping,reliance trends,5,3,2023-05,4
2023-05-05,AMAZON ORDER #5657,5514.24,Shopping,amazon order,5,4,2023-05,4
2023-05-05,GYM MEMBERSHIP #9085,1292.71,Health,gym membership,5,4,2023-05,3
2023-05-06,CAFE COFFEE DAY #5520,325.22,Food & Dining,cafe coffee day,5,5,2023-05,2
2023-05-06,KFC ORDER #8327,1210.74,Food & Dining,kfc order,5,5,2023-05,2
2023-05-07,YOGA CLASS #8803,2859.36,Health,yoga class,5,6,2023-05,3
2023-05-07,OLA RIDE #6245,638.52,Transport,ola ride,5,6,2023-05,5
2023-05-07,PHARMACY BILL #6060,1727.03,Health,pharmacy bill,5,6,2023-05,3
2023-05-07,INTERNET BILL #7203,4763.74,Bills & Utilities,internet bill,5,6,2023-05,0
2023-05-07,RELIANCE TRENDS #3686,5803.32,Shopping,reliance trends,5,6,2023-05,4
2023-05-07,RELIANCE TRENDS #8605,4139.99,Shopping,reliance trends,5,6,2023-05,4
2023-05-07,UBER TRIP #2646,305.83,Transport,uber trip,5,6,2023-05,5
2023-05-08,MOVIE TICKET #1573,217.54,Entertainment,movie ticket,5,0,2023-05,1
2023-05-08,KFC ORDER #9830,1084.94,Food & Dining,kfc order,5,0,2023-05,2
2023-05-09,SUBWAY #2133,1468.08,Food & Dining,subway,5,1,2023-05,2
2023-05-09,GROCERY STORE #2663,407.16,Food & Dining,grocery store,5,1,2023-05,2
2023-05-10,UBER TRIP #2767,1591.64,Transport,uber trip,5,2,2023-05,5
2023-05-10,RAPIDO BIKE #4471,1622.67,Transport,rapido bike,5,2,2023-05,5
2023-05-10,ZOMATO ORDER #9805,535.01,Food & Dining,zomato order,5,2,2023-05,2
2023-05-10,GAS CYLINDER #9115,4827.64,Bills & Utilities,gas cylinder,5,2,2023-05,0
2023-05-10,DISNEY PLUS #5247,332.92,Entertainment,disney plus,5,2,2023-05,1
2023-05-10,RENT PAYMENT #6237,3879.28,Bills & Utilities,rent payment,5,2,2023-05,0
2023-05-10,AMAZON ORDER #1893,4516.2,Shopping,amazon order,5,2,2023-05,4
2023-05-10,BUS PASS #3939,625.47,Transport,bus pass,5,2,2023-05,5
2023-05-11,SUBWAY #5921,265.48,Food & Dining,subway,5,3,2023-05,2
2023-05-11,METRO CARD RECHARGE #2914,647.14,Transport,metro card recharge,5,3,2023-05,5
2023-05-11,PRACTO APPOINTMENT #1367,806.64,Health,practo appointment,5,3,2023-05,3
2023-05-11,CAFE COFFEE DAY #9012,847.68,Food & Dining,cafe coffee day,5,3,2023-05,2
2023-05-11,PRACTO APPOINTMENT #3668,518.6,Health,practo appointment,5,3,2023-05,3
2023-05-12,EYE CLINIC #3875,289.55,Health,eye clinic,5,4,2023-05,3
2023-05-12,NETFLIX SUBSCRIPTION #7139,293.67,Entertainment,netflix subscription,5,4,2023-05,1
2023-05-12,EYE CLINIC #3845,2218.43,Health,eye clinic,5,4,2023-05,3
2023-05-13,DOMINOS PIZZA #5491,1060.22,Food & Dining,dominos pizza,5,5,2023-05,2
2023-05-13,EYE CLINIC #8423,1042.25,Health,eye clinic,5,5,2023-05,3
2023-05-13,MYNTRA FASHION #3981,6188.7,Shopping,myntra fashion,5,5,2023-05,4
2023-05-14,PETROL PUMP #9460,1435.72,Transport,petrol pump,5,6,2023-05,5
2023-05-14,SWIGGY DELIVERY #2018,666.09,Food & Dining,swiggy delivery,5,6,2023-05,2
2023-05-14,DOCTOR CONSULTATION #2941,518.85,Health,doctor consultation,5,6,2023-05,3
2023-05-14,EMI PAYMENT #1750,1289.14,Bills & Utilities,emi payment,5,6,2023-05,0
2023-05-14,HOSPITAL BILL #6658,2928.58,Health,hospital bill,5,6,2023-05,3
2023-05-14,CAFE COFFEE DAY #9221,680.01,Food & Dining,cafe coffee day,5,6,2023-05,2
2023-05-14,MCDONALD'S #2020,680.73,Food & Dining,mcdonalds,5,6,2023-05,2
2023-05-14,HOTSTAR PREMIUM #2965,220.03,Entertainment,hotstar premium,5,6,2023-05,1
2023-05-15,MOBILE RECHARGE #6395,2300.93,Bills & Utilities,mobile recharge,5,0,2023-05,0
2023-05-15,ELECTRICITY BILL #4742,1199.17,Bills & Utilities,electricity bill,5,0,2023-05,0
2023-05-15,MEDICINE ORDER #1845,690.32,Health,medicine order,5,0,2023-05,3
2023-05-15,DECATHLON SPORTS #1546,4720.68,Shopping,decathlon sports,5,0,2023-05,4
2023-05-15,BUS PASS #4910,553.26,Transport,bus pass,5,0,2023-05,5
2023-05-15,MEESHO ORDER #9978,3271.43,Shopping,meesho order,5,0,2023-05,4
2023-05-16,NETFLIX SUBSCRIPTION #6916,1407.43,Entertainment,netflix subscription,5,1,2023-05,1
2023-05-16,PETROL PUMP #5760,1382.62,Transport,petrol pump,5,1,2023-05,5
2023-05-16,NETFLIX SUBSCRIPTION #7662,1429.86,Entertainment,netflix subscription,5,1,2023-05,1
2023-05-16,GROCERY STORE #3078,1067.07,Food & Dining,grocery store,5,1,2023-05,2
2023-05-17,BOOKMYSHOW #7366,1048.74,Entertainment,bookmyshow,5,2,2023-05,1
2023-05-17,MYNTRA FASHION #7270,6232.99,Shopping,myntra fashion,5,2,2023-05,4
2023-05-17,BOOKMYSHOW #1260,1379.54,Entertainment,bookmyshow,5,2,2023-05,1
2023-05-17,GAMING PURCHASE #6233,731.54,Entertainment,gaming purchase,5,2,2023-05,1
2023-05-17,RENT PAYMENT #7154,493.22,Bills & Utilities,rent payment,5,2,2023-05,0
2023-05-18,MAINTENANCE FEE #4781,3179.02,Bills & Utilities,maintenance fee,5,3,2023-05,0
2023-05-18,ELECTRICITY BILL #7761,4842.15,Bills & Utilities,electricity bill,5,3,2023-05,0
2023-05-18,INSURANCE PREMIUM #9587,1755.39,Bills & Utilities,insurance premium,5,3,2023-05,0
2023-05-18,MOVIE TICKET #3689,787.56,Entertainment,movie ticket,5,3,2023-05,1
2023-05-18,IRCTC TICKET #5533,1685.02,Transport,irctc ticket,5,3,2023-05,5
2023-05-18,CAFE COFFEE DAY #2063,474.61,Food & Dining,cafe coffee day,5,3,2023-05,2
2023-05-19,APPLE MUSIC #4203,740.46,Entertainment,apple music,5,4,2023-05,1
2023-05-19,DECATHLON SPORTS #2902,958.1,Shopping,decathlon sports,5,4,2023-05,4
2023-05-19,KFC ORDER #2854,310.67,Food & Dining,kfc order,5,4,2023-05,2
2023-05-19,ELECTRICITY BILL #5703,2103.45,Bills & Utilities,electricity bill,5,4,2023-05,0
2023-05-19,PRACTO APPOINTMENT #5958,354.14,Health,practo appointment,5,4,2023-05,3
2023-05-20,ZOMATO ORDER #5105,216.29,Food & Dining,zomato order,5,5,2023-05,2
2023-05-20,DECATHLON SPORTS #6484,3558.81,Shopping,decathlon sports,5,5,2023-05,4
2023-05-20,AMAZON ORDER #1001,4281.87,Shopping,amazon order,5,5,2023-05,4
2023-05-20,INSURANCE PREMIUM #8878,452.5,Bills & Utilities,insurance premium,5,5,2023-05,0
2023-05-20,FLIPKART PURCHASE #8633,1060.47,Shopping,flipkart purchase,5,5,2023-05,4
2023-05-20,ELECTRICITY BILL #4309,880.86,Bills & Utilities,electricity bill,5,5,2023-05,0
2023-05-20,INDIGO AIRLINES #8155,1950.7,Transport,indigo airlines,5,5,2023-05,5
2023-05-21,RESTAURANT BILL #5938,1420.72,Food & Dining,restaurant bill,5,6,2023-05,2
2023-05-21,EMI PAYMENT #8284,1011.02,Bills & Utilities,emi payment,5,6,2023-05,0
2023-05-21,BUS PASS #8967,408.25,Transport,bus pass,5,6,2023-05,5
2023-05-21,INSURANCE PREMIUM #1659,321.99,Bills & Utilities,insurance premium,5,6,2023-05,0
2023-05-21,MYNTRA FASHION #2956,298.79,Shopping,myntra fashion,5,6,2023-05,4
2023-05-22,LAB TEST #9369,1226.54,Health,lab test,5,0,2023-05,3
2023-05-22,NYKAA COSMETICS #5496,1687.01,Shopping,nykaa cosmetics,5,0,2023-05,4
2023-05-22,AUTO RICKSHAW #7909,1580.82,Transport,auto rickshaw,5,0,2023-05,5
2023-05-22,ZOMATO ORDER #8542,565.7,Food & Dining,zomato order,5,0,2023-05,2
2023-05-23,DECATHLON SPORTS #2007,906.16,Shopping,decathlon sports,5,1,2023-05,4
2023-05-23,EYE CLINIC #8015,581.35,Health,eye clinic,5,1,2023-05,3
2023-05-23,MAINTENANCE FEE #1108,2559.0,Bills & Utilities,maintenance fee,5,1,2023-05,0
2023-05-23,FLIPKART PURCHASE #8847,7221.36,Shopping,flipkart purchase,5,1,2023-05,4
2023-05-24,FLIPKART PURCHASE #7502,7556.66,Shopping,flipkart purchase,5,2,2023-05,4
2023-05-24,GAMING PURCHASE #9856,563.75,Entertainment,gaming purchase,5,2,2023-05,1
2023-05-24,OLA RIDE #7620,1331.24,Transport,ola ride,5,2,2023-05,5
2023-05-24,NYKAA COSMETICS #5661,5401.99,Shopping,nykaa cosmetics,5,2,2023-05,4
2023-05-25,RELIANCE TRENDS #1182,4517.49,Shopping,reliance trends,5,3,2023-05,4
2023-05-25,EYE CLINIC #2705,2816.39,Health,eye clinic,5,3,2023-05,3
2023-05-25,NYKAA COSMETICS #3463,2800.22,Shopping,nykaa cosmetics,5,3,2023-05,4
2023-05-25,IKEA PURCHASE #8913,5059.73,Shopping,ikea purchase,5,3,2023-05,4
2023-05-26,PHARMACY BILL #4884,206.53,Health,pharmacy bill,5,4,2023-05,3
2023-05-26,ZOMATO ORDER #3420,900.58,Food & Dining,zomato order,5,4,2023-05,2
2023-05-27,GAS CYLINDER #4594,4168.78,Bills & Utilities,gas cylinder,5,5,2023-05,0
2023-05-27,MEDICINE ORDER #5512,684.94,Health,medicine order,5,5,2023-05,3
2023-05-27,NYKAA COSMETICS #5816,3990.22,Shopping,nykaa cosmetics,5,5,2023-05,4
2023-05-27,DENTAL CLINIC #6084,2349.05,Health,dental clinic,5,5,2023-05,3
2023-05-27,AMAZON PRIME #9153,1377.87,Entertainment,amazon prime,5,5,2023-05,1
2023-05-27,RELIANCE TRENDS #1100,1614.96,Shopping,reliance trends,5,5,2023-05,4
2023-05-28,KFC ORDER #8486,72.25,Food & Dining,kfc order,5,6,2023-05,2
2023-05-28,SWIGGY DELIVERY #9876,293.83,Food & Dining,swiggy delivery,5,6,2023-05,2
2023-05-28,BUS PASS #1256,1924.09,Transport,bus pass,5,6,2023-05,5
2023-05-28,PETROL PUMP #5927,1719.36,Transport,petrol pump,5,6,2023-05,5
2023-05-28,IRCTC TICKET #9941,611.11,Transport,irctc ticket,5,6,2023-05,5
2023-05-29,AMAZON ORDER #9481,4774.23,Shopping,amazon order,5,0,2023-05,4
2023-05-29,AJIO ORDER #3459,1464.57,Shopping,ajio order,5,0,2023-05,4
2023-05-29,KFC ORDER #2744,86.64,Food & Dining,kfc order,5,0,2023-05,2
2023-05-29,MYNTRA FASHION #1046,2362.74,Shopping,myntra fashion,5,0,2023-05,4
2023-05-30,GYM MEMBERSHIP #7853,623.07,Health,gym membership,5,1,2023-05,3
2023-05-30,DECATHLON SPORTS #1519,2775.94,Shopping,decathlon sports,5,1,2023-05,4
2023-05-30,BOOKMYSHOW #6098,916.72,Entertainment,bookmyshow,5,1,2023-05,1
2023-05-30,SPOTIFY PREMIUM #8310,322.07,Entertainment,spotify premium,5,1,2023-05,1
2023-06-01,SWIGGY DELIVERY #3699,450.12,Food & Dining,swiggy delivery,6,3,2023-06,2
2023-06-01,DISNEY PLUS #4401,167.54,Entertainment,disney plus,6,3,2023-06,1
2023-06-01,NETFLIX SUBSCRIPTION #7049,915.1,Entertainment,netflix subscription,6,3,2023-06,1
2023-06-01,MAINTENANCE FEE #2843,4244.61,Bills & Utilities,maintenance fee,6,3,2023-06,0
2023-06-01,PRACTO APPOINTMENT #9099,1258.99,Health,practo appointment,6,3,2023-06,3
2023-06-02,CAFE COFFEE DAY #8027,920.57,Food & Dining,cafe coffee day,6,4,2023-06,2
2023-06-02,HOSPITAL BILL #8761,1606.06,Health,hospital bill,6,4,2023-06,3
2023-06-02,NETFLIX SUBSCRIPTION #2832,204.42,Entertainment,netflix subscription,6,4,2023-06,1
2023-06-02,AMAZON ORDER #4173,1078.9,Shopping,amazon order,6,4,2023-06,4
2023-06-02,DENTAL CLINIC #3968,647.14,Health,dental clinic,6,4,2023-06,3
2023-06-02,MEDICINE ORDER #8371,2034.94,Health,medicine order,6,4,2023-06,3
2023-06-03,OLA RIDE #8729,747.03,Transport,ola ride,6,5,2023-06,5
2023-06-03,ZOMATO ORDER #5193,362.7,Food & Dining,zomato order,6,5,2023-06,2
2023-06-03,GROCERY STORE #9591,109.71,Food & Dining,grocery store,6,5,2023-06,2
2023-06-03,KFC ORDER #9281,343.13,Food & Dining,kfc order,6,5,2023-06,2
2023-06-04,MOVIE TICKET #7768,174.74,Entertainment,movie ticket,6,6,2023-06,1
2023-06-04,BUS PASS #9049,1534.44,Transport,bus pass,6,6,2023-06,5
2023-06-04,SWIGGY DELIVERY #3860,1369.69,Food & Dining,swiggy delivery,6,6,2023-06,2
2023-06-05,OLA RIDE #8225,647.97,Transport,ola ride,6,0,2023-06,5
2023-06-06,RAPIDO BIKE #4788,784.58,Transport,rapido bike,6,1,2023-06,5
2023-06-06,PRACTO APPOINTMENT #2350,1957.56,Health,practo appointment,6,1,2023-06,3
2023-06-06,GROCERY STORE #9317,933.01,Food & Dining,grocery store,6,1,2023-06,2
2023-06-06,EYE CLINIC #4726,1310.27,Health,eye clinic,6,1,2023-06,3
2023-06-07,UBER TRIP #9668,1043.21,Transport,uber trip,6,2,2023-06,5
2023-06-07,DTH RECHARGE #2737,4201.19,Bills & Utilities,dth recharge,6,2,2023-06,0
2023-06-07,BIGBASKET ORDER #2382,1452.65,Food & Dining,bigbasket order,6,2,2023-06,2
2023-06-07,AUTO RICKSHAW #9151,1538.5,Transport,auto rickshaw,6,2,2023-06,5
2023-06-07,GROCERY STORE #3526,601.0,Food & Dining,grocery store,6,2,2023-06,2
2023-06-07,GAMING PURCHASE #6902,1275.79,Entertainment,gaming purchase,6,2,2023-06,1
2023-06-07,DECATHLON SPORTS #4309,4361.75,Shopping,decathlon sports,6,2,2023-06,4
2023-06-07,GAMING PURCHASE #2181,1145.39,Entertainment,gaming purchase,6,2,2023-06,1
2023-06-08,BIGBASKET ORDER #8640,1079.05,Food & Dining,bigbasket order,6,3,2023-06,2
2023-06-08,GROCERY STORE #9376,856.67,Food & Dining,grocery store,6,3,2023-06,2
2023-06-08,DTH RECHARGE #3671,601.85,Bills & Utilities,dth recharge,6,3,2023-06,0
2023-06-08,MCDONALD'S #8786,1048.19,Food & Dining,mcdonalds,6,3,2023-06,2
2023-06-09,MOBILE RECHARGE #6992,2119.8,Bills & Utilities,mobile recharge,6,4,2023-06,0
2023-06-09,APPLE MUSIC #2391,1336.56,Entertainment,apple music,6,4,2023-06,1
2023-06-09,GAS CYLINDER #8504,4646.28,Bills & Utilities,gas cylinder,6,4,2023-06,0
2023-06-09,HOTSTAR PREMIUM #2702,466.7,Entertainment,hotstar premium,6,4,2023-06,1
2023-06-09,RESTAURANT BILL #4271,1043.77,Food & Dining,restaurant bill,6,4,2023-06,2
2023-06-10,PETROL PUMP #5335,1331.04,Transport,petrol pump,6,5,2023-06,5
2023-06-10,MEDICINE ORDER #3115,602.54,Health,medicine order,6,5,2023-06,3
2023-06-11,DOMINOS PIZZA #1084,1448.55,Food & Dining,dominos pizza,6,6,2023-06,2
2023-06-11,ELECTRICITY BILL #4927,4439.15,Bills & Utilities,electricity bill,6,6,2023-06,0
2023-06-11,MCDONALD'S #8811,779.13,Food & Dining,mcdonalds,6,6,2023-06,2
2023-06-13,DOMINOS PIZZA #1960,1473.28,Food & Dining,dominos pizza,6,1,2023-06,2
2023-06-13,INDIGO AIRLINES #7419,619.23,Transport,indigo airlines,6,1,2023-06,5
2023-06-13,LAB TEST #4996,1596.38,Health,lab test,6,1,2023-06,3
2023-06-13,MOVIE TICKET #9541,576.33,Entertainment,movie ticket,6,1,2023-06,1
2023-06-13,GAMING PURCHASE #9383,956.51,Entertainment,gaming purchase,6,1,2023-06,1
2023-06-13,CAFE COFFEE DAY #6952,793.97,Food & Dining,cafe coffee day,6,1,2023-06,2
2023-06-14,BIGBASKET ORDER #3787,1337.5,Food & Dining,bigbasket order,6,2,2023-06,2
2023-06-14,ZOMATO ORDER #4275,437.12,Food & Dining,zomato order,6,2,2023-06,2
2023-06-14,MEDICINE ORDER #5510,2616.22,Health,medicine order,6,2,2023-06,3
2023-06-14,DENTAL CLINIC #3042,926.68,Health,dental clinic,6,2,2023-06,3
2023-06-15,MAINTENANCE FEE #8848,1132.45,Bills & Utilities,maintenance fee,6,3,2023-06,0
2023-06-15,SWIGGY DELIVERY #7831,1490.92,Food & Dining,swiggy delivery,6,3,2023-06,2
2023-06-15,LAB TEST #5166,817.5,Health,lab test,6,3,2023-06,3
2023-06-15,MEESHO ORDER #9361,2394.23,Shopping,meesho order,6,3,2023-06,4
2023-06-16,BUS PASS #8347,1093.54,Transport,bus pass,6,4,2023-06,5
2023-06-16,ELECTRICITY BILL #3039,1985.65,Bills & Utilities,electricity bill,6,4,2023-06,0
2023-06-17,INSURANCE PREMIUM #8161,2034.29,Bills & Utilities,insurance premium,6,5,2023-06,0
2023-06-17,RAPIDO BIKE #1587,956.39,Transport,rapido bike,6,5,2023-06,5
2023-06-17,MYNTRA FASHION #2876,6266.78,Shopping,myntra fashion,6,5,2023-06,4
2023-06-17,KFC ORDER #5177,427.98,Food & Dining,kfc order,6,5,2023-06,2
2023-06-18,DECATHLON SPORTS #6885,6050.9,Shopping,decathlon sports,6,6,2023-06,4
2023-06-19,IKEA PURCHASE #1173,5368.89,Shopping,ikea purchase,6,0,2023-06,4
2023-06-19,MEDICINE ORDER #5544,1973.16,Health,medicine order,6,0,2023-06,3
2023-06-20,INDIGO AIRLINES #7912,72.98,Transport,indigo airlines,6,1,2023-06,5
2023-06-20,LIFESTYLE STORE #8835,6439.21,Shopping,lifestyle store,6,1,2023-06,4
2023-06-20,AMAZON ORDER #9185,6903.01,Shopping,amazon order,6,1,2023-06,4
2023-06-20,DOMINOS PIZZA #6785,462.35,Food & Dining,dominos pizza,6,1,2023-06,2
2023-06-21,IKEA PURCHASE #2349,7596.05,Shopping,ikea purchase,6,2,2023-06,4
2023-06-22,DISNEY PLUS #2530,803.1,Entertainment,disney plus,6,3,2023-06,1
2023-06-22,AUTO RICKSHAW #1693,1226.53,Transport,auto rickshaw,6,3,2023-06,5
2023-06-22,FLIPKART PURCHASE #9759,5983.28,Shopping,flipkart purchase,6,3,2023-06,4
2023-06-22,SUBWAY #4248,429.59,Food & Dining,subway,6,3,2023-06,2
2023-06-22,RAPIDO BIKE #7116,1094.67,Transport,rapido bike,6,3,2023-06,5
2023-06-22,EMI PAYMENT #2666,3733.02,Bills & Utilities,emi payment,6,3,2023-06,0
2023-06-22,MOBILE RECHARGE #4430,3829.85,Bills & Utilities,mobile recharge,6,3,2023-06,0
2023-06-23,DENTAL CLINIC #4977,1758.69,Health,dental clinic,6,4,2023-06,3
2023-06-23,RELIANCE TRENDS #1396,6203.51,Shopping,reliance trends,6,4,2023-06,4
2023-06-24,GAS CYLINDER #3150,2681.04,Bills & Utilities,gas cylinder,6,5,2023-06,0
2023-06-24,MOVIE TICKET #2623,1355.09,Entertainment,movie ticket,6,5,2023-06,1
2023-06-24,BIGBASKET ORDER #8842,718.8,Food & Dining,bigbasket order,6,5,2023-06,2
2023-06-24,GAMING PURCHASE #5724,1125.99,Entertainment,gaming purchase,6,5,2023-06,1
2023-06-24,INSURANCE PREMIUM #7235,315.14,Bills & Utilities,insurance premium,6,5,2023-06,0
2023-06-24,HOSPITAL BILL #9311,970.57,Health,hospital bill,6,5,2023-06,3
2023-06-25,MOVIE TICKET #6956,1452.75,Entertainment,movie ticket,6,6,2023-06,1
2023-06-26,EMI PAYMENT #7895,1890.52,Bills & Utilities,emi payment,6,0,2023-06,0
2023-06-26,ELECTRICITY BILL #7270,3447.74,Bills & Utilities,electricity bill,6,0,2023-06,0
2023-06-27,ZOMATO ORDER #8767,1371.7,Food & Dining,zomato order,6,1,2023-06,2
2023-06-27,MEDICINE ORDER #9609,1192.79,Health,medicine order,6,1,2023-06,3
2023-06-27,LAB TEST #4345,464.13,Health,lab test,6,1,2023-06,3
2023-06-27,DOCTOR CONSULTATION #6319,2399.42,Health,doctor consultation,6,1,2023-06,3
2023-06-27,GAMING PURCHASE #7931,359.24,Entertainment,gaming purchase,6,1,2023-06,1
2023-06-28,BIGBASKET ORDER #4259,886.44,Food & Dining,bigbasket order,6,2,2023-06,2
2023-06-28,ZOMATO ORDER #4262,336.85,Food & Dining,zomato order,6,2,2023-06,2
2023-06-28,YOUTUBE PREMIUM #7750,434.19,Entertainment,youtube premium,6,2,2023-06,1
2023-06-28,NYKAA COSMETICS #6849,5480.04,Shopping,nykaa cosmetics,6,2,2023-06,4
2023-06-28,YOGA CLASS #5314,1778.03,Health,yoga class,6,2,2023-06,3
2023-06-29,YOGA CLASS #1659,2313.02,Health,yoga class,6,3,2023-06,3
2023-06-29,IRCTC TICKET #5923,572.05,Transport,irctc ticket,6,3,2023-06,5
2023-06-29,GROCERY STORE #6352,1133.85,Food & Dining,grocery store,6,3,2023-06,2
2023-06-29,NYKAA COSMETICS #7407,4981.61,Shopping,nykaa cosmetics,6,3,2023-06,4
2023-06-29,SPOTIFY PREMIUM #9770,498.63,Entertainment,spotify premium,6,3,2023-06,1
2023-06-29,EMI PAYMENT #1669,1891.3,Bills & Utilities,emi payment,6,3,2023-06,0
2023-06-29,DISNEY PLUS #3503,873.55,Entertainment,disney plus,6,3,2023-06,1
2023-06-30,GROCERY STORE #5551,1005.07,Food & Dining,grocery store,6,4,2023-06,2
2023-06-30,IKEA PURCHASE #2599,6611.78,Shopping,ikea purchase,6,4,2023-06,4
2023-07-01,PRACTO APPOINTMENT #3450,1855.98,Health,practo appointment,7,5,2023-07,3
2023-07-01,DOMINOS PIZZA #2709,1028.58,Food & Dining,dominos pizza,7,5,2023-07,2
2023-07-01,RELIANCE TRENDS #4290,3936.28,Shopping,reliance trends,7,5,2023-07,4
2023-07-01,YOUTUBE PREMIUM #9328,1193.3,Entertainment,youtube premium,7,5,2023-07,1
2023-07-01,RAPIDO BIKE #1295,1225.77,Transport,rapido bike,7,5,2023-07,5
2023-07-01,MAINTENANCE FEE #8531,276.31,Bills & Utilities,maintenance fee,7,5,2023-07,0
2023-07-03,RENT PAYMENT #6299,2309.34,Bills & Utilities,rent payment,7,0,2023-07,0
2023-07-04,FLIPKART PURCHASE #4273,4819.37,Shopping,flipkart purchase,7,1,2023-07,4
2023-07-04,PETROL PUMP #9702,841.74,Transport,petrol pump,7,1,2023-07,5
2023-07-04,NETFLIX SUBSCRIPTION #9618,1173.35,Entertainment,netflix subscription,7,1,2023-07,1
2023-07-04,EYE CLINIC #4193,1607.86,Health,eye clinic,7,1,2023-07,3
2023-07-04,UBER TRIP #3960,1728.15,Transport,uber trip,7,1,2023-07,5
2023-07-04,AJIO ORDER #9443,3735.18,Shopping,ajio order,7,1,2023-07,4
2023-07-04,BOOKMYSHOW #1298,607.0,Entertainment,bookmyshow,7,1,2023-07,1
2023-07-05,SPOTIFY PREMIUM #7172,315.11,Entertainment,spotify premium,7,2,2023-07,1
2023-07-05,INSURANCE PREMIUM #8245,4588.76,Bills & Utilities,insurance premium,7,2,2023-07,0
2023-07-05,PARKING FEE #5140,412.82,Transport,parking fee,7,2,2023-07,5
2023-07-07,AMAZON PRIME #4041,380.52,Entertainment,amazon prime,7,4,2023-07,1
2023-07-07,HOTSTAR PREMIUM #9419,370.53,Entertainment,hotstar premium,7,4,2023-07,1
2023-07-08,IRCTC TICKET #9397,310.64,Transport,irctc ticket,7,5,2023-07,5
2023-07-08,EMI PAYMENT #4027,4490.41,Bills & Utilities,emi payment,7,5,2023-07,0
2023-07-08,ELECTRICITY BILL #1853,3242.73,Bills & Utilities,electricity bill,7,5,2023-07,0
2023-07-09,AUTO RICKSHAW #8777,751.93,Transport,auto rickshaw,7,6,2023-07,5
2023-07-09,RESTAURANT BILL #6169,223.35,Food & Dining,restaurant bill,7,6,2023-07,2
2023-07-10,RELIANCE TRENDS #2755,240.2,Shopping,reliance trends,7,0,2023-07,4
2023-07-11,INTERNET BILL #3498,3673.32,Bills & Utilities,internet bill,7,1,2023-07,0
2023-07-11,SPOTIFY PREMIUM #9022,503.66,Entertainment,spotify premium,7,1,2023-07,1
2023-07-11,MEDICINE ORDER #5342,1089.87,Health,medicine order,7,1,2023-07,3
2023-07-12,RESTAURANT BILL #2833,1233.15,Food & Dining,restaurant bill,7,2,2023-07,2
2023-07-12,APPLE MUSIC #3328,887.92,Entertainment,apple music,7,2,2023-07,1
2023-07-12,AMAZON PRIME #3841,764.29,Entertainment,amazon prime,7,2,2023-07,1
2023-07-12,MAINTENANCE FEE #1672,2303.7,Bills & Utilities,maintenance fee,7,2,2023-07,0
2023-07-13,EMI PAYMENT #2316,2640.83,Bills & Utilities,emi payment,7,3,2023-07,0
2023-07-13,AMAZON PRIME #1118,867.05,Entertainment,amazon prime,7,3,2023-07,1
2023-07-14,DENTAL CLINIC #3042,1275.87,Health,dental clinic,7,4,2023-07,3
2023-07-14,RENT PAYMENT #7361,3709.99,Bills & Utilities,rent payment,7,4,2023-07,0
2023-07-14,EMI PAYMENT #9379,666.66,Bills & Utilities,emi payment,7,4,2023-07,0
2023-07-14,MEESHO ORDER #6772,1908.24,Shopping,meesho order,7,4,2023-07,4
2023-07-14,NETFLIX SUBSCRIPTION #6092,185.7,Entertainment,netflix subscription,7,4,2023-07,1
2023-07-14,PARKING FEE #5408,390.09,Transport,parking fee,7,4,2023-07,5
2023-07-14,MEDICINE ORDER #4206,548.7,Health,medicine order,7,4,2023-07,3
2023-07-14,AMAZON ORDER #1996,6396.24,Shopping,amazon order,7,4,2023-07,4
2023-07-15,DOMINOS PIZZA #2971,109.51,Food & Dining,dominos pizza,7,5,2023-07,2
2023-07-15,DTH RECHARGE #2514,2724.61,Bills & Utilities,dth recharge,7,5,2023-07,0
2023-07-15,CAFE COFFEE DAY #7939,579.64,Food & Dining,cafe coffee day,7,5,2023-07,2
2023-07-15,HOSPITAL BILL #1230,2686.82,Health,hospital bill,7,5,2023-07,3
2023-07-16,MCDONALD'S #1229,816.82,Food & Dining,mcdonalds,7,6,2023-07,2
2023-07-16,RENT PAYMENT #1340,890.53,Bills & Utilities,rent payment,7,6,2023-07,0
2023-07-17,MAINTENANCE FEE #1718,1552.53,Bills & Utilities,maintenance fee,7,0,2023-07,0
2023-07-17,GAS CYLINDER #9261,2393.3,Bills & Utilities,gas cylinder,7,0,2023-07,0
2023-07-17,RESTAURANT BILL #9710,608.73,Food & Dining,restaurant bill,7,0,2023-07,2
2023-07-17,NYKAA COSMETICS #4728,1938.8,Shopping,nykaa cosmetics,7,0,2023-07,4
2023-07-18,DISNEY PLUS #4218,1186.38,Entertainment,disney plus,7,1,2023-07,1
2023-07-18,GROCERY STORE #9197,766.32,Food & Dining,grocery store,7,1,2023-07,2
2023-07-18,ZOMATO ORDER #2106,909.69,Food & Dining,zomato order,7,1,2023-07,2
2023-07-19,YOUTUBE PREMIUM #6181,106.23,Entertainment,youtube premium,7,2,2023-07,1
2023-07-19,HOTSTAR PREMIUM #8461,679.63,Entertainment,hotstar premium,7,2,2023-07,1
2023-07-19,CAFE COFFEE DAY #1838,876.91,Food & Dining,cafe coffee day,7,2,2023-07,2
2023-07-19,DOCTOR CONSULTATION #7305,952.2,Health,doctor consultation,7,2,2023-07,3
2023-07-20,INDIGO AIRLINES #4245,991.09,Transport,indigo airlines,7,3,2023-07,5
2023-07-20,MYNTRA FASHION #4436,1901.46,Shopping,myntra fashion,7,3,2023-07,4
2023-07-21,PRACTO APPOINTMENT #2219,2759.29,Health,practo appointment,7,4,2023-07,3
2023-07-21,AMAZON ORDER #8144,213.19,Shopping,amazon order,7,4,2023-07,4
2023-07-22,MAINTENANCE FEE #6103,904.38,Bills & Utilities,maintenance fee,7,5,2023-07,0
2023-07-22,BUS PASS #4053,1416.97,Transport,bus pass,7,5,2023-07,5
2023-07-22,BOOKMYSHOW #6119,564.6,Entertainment,bookmyshow,7,5,2023-07,1
2023-07-23,RESTAURANT BILL #6085,375.73,Food & Dining,restaurant bill,7,6,2023-07,2
2023-07-23,MYNTRA FASHION #6367,6436.32,Shopping,myntra fashion,7,6,2023-07,4
2023-07-23,MCDONALD'S #9005,88.92,Food & Dining,mcdonalds,7,6,2023-07,2
2023-07-23,DECATHLON SPORTS #9709,886.56,Shopping,decathlon sports,7,6,2023-07,4
2023-07-23,GROCERY STORE #8884,975.85,Food & Dining,grocery store,7,6,2023-07,2
2023-07-23,SUBWAY #1828,1381.15,Food & Dining,subway,7,6,2023-07,2
2023-07-23,YOGA CLASS #8484,2551.38,Health,yoga class,7,6,2023-07,3
2023-07-24,MAINTENANCE FEE #7280,122.88,Bills & Utilities,maintenance fee,7,0,2023-07,0
2023-07-24,GROCERY STORE #4302,113.52,Food & Dining,grocery store,7,0,2023-07,2
2023-07-24,MCDONALD'S #4365,902.02,Food & Dining,mcdonalds,7,0,2023-07,2
2023-07-24,MEDICINE ORDER #3229,108.92,Health,medicine order,7,0,2023-07,3
2023-07-24,RAPIDO BIKE #7984,64.79,Transport,rapido bike,7,0,2023-07,5
2023-07-25,MYNTRA FASHION #8218,741.31,Shopping,myntra fashion,7,1,2023-07,4
2023-07-25,GROCERY STORE #3790,137.16,Food & Dining,grocery store,7,1,2023-07,2
2023-07-25,DTH RECHARGE #7474,2086.71,Bills & Utilities,dth recharge,7,1,2023-07,0
2023-07-26,DTH RECHARGE #4201,4884.9,Bills & Utilities,dth recharge,7,2,2023-07,0
2023-07-26,AJIO ORDER #8344,7748.26,Shopping,ajio order,7,2,2023-07,4
2023-07-26,YOUTUBE PREMIUM #1011,563.76,Entertainment,youtube premium,7,2,2023-07,1
2023-07-27,MYNTRA FASHION #2926,7208.63,Shopping,myntra fashion,7,3,2023-07,4
2023-07-27,RAPIDO BIKE #9869,1377.58,Transport,rapido bike,7,3,2023-07,5
2023-07-27,NETFLIX SUBSCRIPTION #1212,1140.88,Entertainment,netflix subscription,7,3,2023-07,1
2023-07-27,EYE CLINIC #1599,700.88,Health,eye clinic,7,3,2023-07,3
2023-07-28,FLIPKART PURCHASE #6077,816.37,Shopping,flipkart purchase,7,4,2023-07,4
2023-07-28,MEDICINE ORDER #2941,751.0,Health,medicine order,7,4,2023-07,3
2023-07-29,MEDICINE ORDER #4974,2117.32,Health,medicine order,7,5,2023-07,3
2023-07-29,MOBILE RECHARGE #4309,843.19,Bills & Utilities,mobile recharge,7,5,2023-07,0
2023-07-29,APPLE MUSIC #7404,1472.22,Entertainment,apple music,7,5,2023-07,1
2023-07-29,DENTAL CLINIC #2097,1726.2,Health,dental clinic,7,5,2023-07,3
2023-07-30,GYM MEMBERSHIP #7950,2523.43,Health,gym membership,7,6,2023-07,3
2023-07-30,BUS PASS #9525,900.43,Transport,bus pass,7,6,2023-07,5
2023-07-30,BIGBASKET ORDER #4990,1483.79,Food & Dining,bigbasket order,7,6,2023-07,2
2023-07-31,WATER BILL #7373,4779.97,Bills & Utilities,water bill,7,0,2023-07,0
2023-08-01,AJIO ORDER #9887,4686.79,Shopping,ajio order,8,1,2023-08,4
2023-08-01,WATER BILL #9780,1855.61,Bills & Utilities,water bill,8,1,2023-08,0
2023-08-02,DISNEY PLUS #4592,749.37,Entertainment,disney plus,8,2,2023-08,1
2023-08-03,MCDONALD'S #9700,739.14,Food & Dining,mcdonalds,8,3,2023-08,2
2023-08-03,DECATHLON SPORTS #8719,377.44,Shopping,decathlon sports,8,3,2023-08,4
2023-08-04,DTH RECHARGE #1137,157.92,Bills & Utilities,dth recharge,8,4,2023-08,0
2023-08-04,DISNEY PLUS #1120,977.33,Entertainment,disney plus,8,4,2023-08,1
2023-08-04,DENTAL CLINIC #3546,889.81,Health,dental clinic,8,4,2023-08,3
2023-08-05,SUBWAY #9858,399.31,Food & Dining,subway,8,5,2023-08,2
2023-08-06,ELECTRICITY BILL #6468,1813.29,Bills & Utilities,electricity bill,8,6,2023-08,0
2023-08-06,RAPIDO BIKE #9335,1650.47,Transport,rapido bike,8,6,2023-08,5
2023-08-06,APPLE MUSIC #7637,1176.65,Entertainment,apple music,8,6,2023-08,1
2023-08-07,SPOTIFY PREMIUM #8210,591.01,Entertainment,spotify premium,8,0,2023-08,1
2023-08-07,FLIPKART PURCHASE #9943,1271.17,Shopping,flipkart purchase,8,0,2023-08,4
2023-08-07,SUBWAY #2638,156.23,Food & Dining,subway,8,0,2023-08,2
2023-08-07,KFC ORDER #4056,886.42,Food & Dining,kfc order,8,0,2023-08,2
2023-08-07,NYKAA COSMETICS #8915,2489.65,Shopping,nykaa cosmetics,8,0,2023-08,4
2023-08-08,PRACTO APPOINTMENT #6299,1864.4,Health,practo appointment,8,1,2023-08,3
2023-08-08,INTERNET BILL #3363,623.39,Bills & Utilities,internet bill,8,1,2023-08,0
2023-08-09,AJIO ORDER #8836,5122.4,Shopping,ajio order,8,2,2023-08,4
2023-08-09,IRCTC TICKET #6574,577.41,Transport,irctc ticket,8,2,2023-08,5
2023-08-10,PETROL PUMP #1564,1788.59,Transport,petrol pump,8,3,2023-08,5
2023-08-10,MEESHO ORDER #3198,4896.73,Shopping,meesho order,8,3,2023-08,4
2023-08-10,CAFE COFFEE DAY #9548,759.36,Food & Dining,cafe coffee day,8,3,2023-08,2
2023-08-11,MCDONALD'S #2506,132.48,Food & Dining,mcdonalds,8,4,2023-08,2
2023-08-11,MCDONALD'S #7550,875.14,Food & Dining,mcdonalds,8,4,2023-08,2
2023-08-11,OLA RIDE #7590,894.76,Transport,ola ride,8,4,2023-08,5
2023-08-11,IKEA PURCHASE #6143,5752.62,Shopping,ikea purchase,8,4,2023-08,4
2023-08-12,INSURANCE PREMIUM #8714,3811.02,Bills & Utilities,insurance premium,8,5,2023-08,0
2023-08-12,GAMING PURCHASE #1520,140.75,Entertainment,gaming purchase,8,5,2023-08,1
2023-08-12,YOGA CLASS #7045,227.42,Health,yoga class,8,5,2023-08,3
2023-08-13,DTH RECHARGE #8178,1237.31,Bills & Utilities,dth recharge,8,6,2023-08,0
2023-08-13,INDIGO AIRLINES #7216,561.8,Transport,indigo airlines,8,6,2023-08,5
2023-08-13,PHARMACY BILL #2746,2357.42,Health,pharmacy bill,8,6,2023-08,3
2023-08-14,INSURANCE PREMIUM #9947,4019.35,Bills & Utilities,insurance premium,8,0,2023-08,0
2023-08-14,BUS PASS #7283,1539.63,Transport,bus pass,8,0,2023-08,5
2023-08-14,RENT PAYMENT #1504,2422.54,Bills & Utilities,rent payment,8,0,2023-08,0
2023-08-14,WATER BILL #5224,431.02,Bills & Utilities,water bill,8,0,2023-08,0
2023-08-14,SWIGGY DELIVERY #9145,912.72,Food & Dining,swiggy delivery,8,0,2023-08,2
2023-08-14,PRACTO APPOINTMENT #4276,1189.04,Health,practo appointment,8,0,2023-08,3
2023-08-15,UBER TRIP #5967,1622.58,Transport,uber trip,8,1,2023-08,5
2023-08-15,DOCTOR CONSULTATION #5833,1165.88,Health,doctor consultation,8,1,2023-08,3
2023-08-15,ELECTRICITY BILL #6374,4584.75,Bills & Utilities,electricity bill,8,1,2023-08,0
2023-08-15,NETFLIX SUBSCRIPTION #3983,942.95,Entertainment,netflix subscription,8,1,2023-08,1
2023-08-16,MCDONALD'S #4197,895.98,Food & Dining,mcdonalds,8,2,2023-08,2
2023-08-16,MEDICINE ORDER #2868,382.57,Health,medicine order,8,2,2023-08,3
2023-08-16,ELECTRICITY BILL #5421,4755.97,Bills & Utilities,electricity bill,8,2,2023-08,0
2023-08-16,GYM MEMBERSHIP #5060,1049.16,Health,gym membership,8,2,2023-08,3
2023-08-16,GAS CYLINDER #9374,1473.31,Bills & Utilities,gas cylinder,8,2,2023-08,0
2023-08-16,UBER TRIP #1195,151.49,Transport,uber trip,8,2,2023-08,5
2023-08-17,DENTAL CLINIC #8159,2444.5,Health,dental clinic,8,3,2023-08,3
2023-08-17,MOVIE TICKET #7165,1461.72,Entertainment,movie ticket,8,3,2023-08,1
2023-08-19,AJIO ORDER #4241,3516.08,Shopping,ajio order,8,5,2023-08,4
2023-08-19,EYE CLINIC #4437,2284.2,Health,eye clinic,8,5,2023-08,3
2023-08-19,GAMING PURCHASE #2661,1260.16,Entertainment,gaming purchase,8,5,2023-08,1
2023-08-19,METRO CARD RECHARGE #3697,349.07,Transport,metro card recharge,8,5,2023-08,5
2023-08-19,PARKING FEE #4511,1718.51,Transport,parking fee,8,5,2023-08,5
2023-08-20,RESTAURANT BILL #8812,163.01,Food & Dining,restaurant bill,8,6,2023-08,2
2023-08-20,EMI PAYMENT #4984,4952.14,Bills & Utilities,emi payment,8,6,2023-08,0
2023-08-20,FLIPKART PURCHASE #1415,7924.06,Shopping,flipkart purchase,8,6,2023-08,4
2023-08-20,GROCERY STORE #8204,724.33,Food & Dining,grocery store,8,6,2023-08,2
2023-08-21,BIGBASKET ORDER #9871,650.28,Food & Dining,bigbasket order,8,0,2023-08,2
2023-08-22,DOMINOS PIZZA #5127,859.22,Food & Dining,dominos pizza,8,1,2023-08,2
2023-08-22,YOUTUBE PREMIUM #5350,1453.87,Entertainment,youtube premium,8,1,2023-08,1
2023-08-22,DENTAL CLINIC #4522,1347.2,Health,dental clinic,8,1,2023-08,3
2023-08-22,INSURANCE PREMIUM #3445,4340.78,Bills & Utilities,insurance premium,8,1,2023-08,0
2023-08-22,DOCTOR CONSULTATION #3087,852.91,Health,doctor consultation,8,1,2023-08,3
2023-08-23,AMAZON PRIME #1339,1427.3,Entertainment,amazon prime,8,2,2023-08,1
2023-08-23,DECATHLON SPORTS #3947,4657.0,Shopping,decathlon sports,8,2,2023-08,4
2023-08-23,GAMING PURCHASE #5726,1150.52,Entertainment,gaming purchase,8,2,2023-08,1
2023-08-23,CAFE COFFEE DAY #3165,742.67,Food & Dining,cafe coffee day,8,2,2023-08,2
2023-08-24,SPOTIFY PREMIUM #3784,908.95,Entertainment,spotify premium,8,3,2023-08,1
2023-08-24,PRACTO APPOINTMENT #3878,474.64,Health,practo appointment,8,3,2023-08,3
2023-08-24,INTERNET BILL #1060,3229.96,Bills & Utilities,internet bill,8,3,2023-08,0
2023-08-25,APPLE MUSIC #5372,947.45,Entertainment,apple music,8,4,2023-08,1
2023-08-25,DECATHLON SPORTS #5438,2591.66,Shopping,decathlon sports,8,4,2023-08,4
2023-08-25,HOTSTAR PREMIUM #2659,1366.6,Entertainment,hotstar premium,8,4,2023-08,1
2023-08-25,CAFE COFFEE DAY #3252,1271.69,Food & Dining,cafe coffee day,8,4,2023-08,2
2023-08-26,IKEA PURCHASE #7985,7676.01,Shopping,ikea purchase,8,5,2023-08,4
2023-08-26,MEESHO ORDER #2031,371.89,Shopping,meesho order,8,5,2023-08,4
2023-08-26,EMI PAYMENT #8699,1527.17,Bills & Utilities,emi payment,8,5,2023-08,0
2023-08-27,SUBWAY #9674,568.28,Food & Dining,subway,8,6,2023-08,2
2023-08-27,INSURANCE PREMIUM #3440,3731.15,Bills & Utilities,insurance premium,8,6,2023-08,0
2023-08-27,YOUTUBE PREMIUM #9069,1230.98,Entertainment,youtube premium,8,6,2023-08,1
2023-08-27,RESTAURANT BILL #5741,1478.57,Food & Dining,restaurant bill,8,6,2023-08,2
2023-08-27,KFC ORDER #4394,900.26,Food & Dining,kfc order,8,6,2023-08,2
2023-08-27,OLA RIDE #9700,474.57,Transport,ola ride,8,6,2023-08,5
2023-08-28,DTH RECHARGE #4868,4046.4,Bills & Utilities,dth recharge,8,0,2023-08,0
2023-08-28,DOMINOS PIZZA #9255,1490.55,Food & Dining,dominos pizza,8,0,2023-08,2
2023-08-28,SUBWAY #1473,640.87,Food & Dining,subway,8,0,2023-08,2
2023-08-28,NYKAA COSMETICS #8438,755.2,Shopping,nykaa cosmetics,8,0,2023-08,4
2023-08-28,HOSPITAL BILL #6211,1413.0,Health,hospital bill,8,0,2023-08,3
2023-08-28,LIFESTYLE STORE #1404,1600.61,Shopping,lifestyle store,8,0,2023-08,4
2023-08-28,GAMING PURCHASE #7086,250.79,Entertainment,gaming purchase,8,0,2023-08,1
2023-08-28,MAINTENANCE FEE #5937,2433.7,Bills & Utilities,maintenance fee,8,0,2023-08,0
2023-08-29,GROCERY STORE #2052,546.12,Food & Dining,grocery store,8,1,2023-08,2
2023-08-29,RELIANCE TRENDS #3100,5436.11,Shopping,reliance trends,8,1,2023-08,4
2023-08-29,DECATHLON SPORTS #2269,5765.65,Shopping,decathlon sports,8,1,2023-08,4
2023-08-30,NYKAA COSMETICS #2478,7503.31,Shopping,nykaa cosmetics,8,2,2023-08,4
2023-08-30,EMI PAYMENT #6606,2768.18,Bills & Utilities,emi payment,8,2,2023-08,0
2023-08-30,LAB TEST #5201,2091.88,Health,lab test,8,2,2023-08,3
2023-08-30,AJIO ORDER #7388,6485.56,Shopping,ajio order,8,2,2023-08,4
2023-08-30,YOGA CLASS #6699,1314.48,Health,yoga class,8,2,2023-08,3
2023-08-30,RELIANCE TRENDS #6822,5076.8,Shopping,reliance trends,8,2,2023-08,4
2023-08-30,AMAZON ORDER #4568,7791.54,Shopping,amazon order,8,2,2023-08,4
2023-08-30,ELECTRICITY BILL #7495,2559.83,Bills & Utilities,electricity bill,8,2,2023-08,0
2023-08-31,UBER TRIP #6343,478.73,Transport,uber trip,8,3,2023-08,5
2023-08-31,HOSPITAL BILL #2999,1651.24,Health,hospital bill,8,3,2023-08,3
2023-08-31,WATER BILL #1849,1092.54,Bills & Utilities,water bill,8,3,2023-08,0
2023-08-31,BUS PASS #9192,56.89,Transport,bus pass,8,3,2023-08,5
2023-08-31,UBER TRIP #4292,1590.37,Transport,uber trip,8,3,2023-08,5
2023-08-31,GAMING PURCHASE #3532,1396.0,Entertainment,gaming purchase,8,3,2023-08,1
2023-09-01,PHARMACY BILL #3159,143.09,Health,pharmacy bill,9,4,2023-09,3
2023-09-01,EYE CLINIC #9664,1853.67,Health,eye clinic,9,4,2023-09,3
2023-09-02,DTH RECHARGE #4090,4905.8,Bills & Utilities,dth recharge,9,5,2023-09,0
2023-09-02,YOGA CLASS #9540,1505.33,Health,yoga class,9,5,2023-09,3
2023-09-03,MOVIE TICKET #3249,252.03,Entertainment,movie ticket,9,6,2023-09,1
2023-09-03,DECATHLON SPORTS #8941,1147.12,Shopping,decathlon sports,9,6,2023-09,4
2023-09-03,IRCTC TICKET #5842,1302.95,Transport,irctc ticket,9,6,2023-09,5
2023-09-04,UBER TRIP #2578,1063.04,Transport,uber trip,9,0,2023-09,5
2023-09-04,PRACTO APPOINTMENT #2260,967.9,Health,practo appointment,9,0,2023-09,3
2023-09-05,MAINTENANCE FEE #3280,3203.35,Bills & Utilities,maintenance fee,9,1,2023-09,0
2023-09-05,DISNEY PLUS #1269,984.37,Entertainment,disney plus,9,1,2023-09,1
2023-09-05,GROCERY STORE #7408,718.61,Food & Dining,grocery store,9,1,2023-09,2
2023-09-05,RESTAURANT BILL #8882,990.5,Food & Dining,restaurant bill,9,1,2023-09,2
2023-09-05,ZOMATO ORDER #9846,909.13,Food & Dining,zomato order,9,1,2023-09,2
2023-09-06,INTERNET BILL #2245,3001.28,Bills & Utilities,internet bill,9,2,2023-09,0
2023-09-06,DOCTOR CONSULTATION #2841,2244.79,Health,doctor consultation,9,2,2023-09,3
2023-09-07,MEDICINE ORDER #7178,1733.19,Health,medicine order,9,3,2023-09,3
2023-09-08,AJIO ORDER #8037,7820.46,Shopping,ajio order,9,4,2023-09,4
2023-09-08,LIFESTYLE STORE #6755,640.3,Shopping,lifestyle store,9,4,2023-09,4
2023-09-08,GAS CYLINDER #9059,4543.29,Bills & Utilities,gas cylinder,9,4,2023-09,0
2023-09-08,DOCTOR CONSULTATION #1409,2250.5,Health,doctor consultation,9,4,2023-09,3
2023-09-08,DOCTOR CONSULTATION #3803,1649.01,Health,doctor consultation,9,4,2023-09,3
2023-09-09,METRO CARD RECHARGE #3855,699.44,Transport,metro card recharge,9,5,2023-09,5
2023-09-09,EMI PAYMENT #5397,1679.29,Bills & Utilities,emi payment,9,5,2023-09,0
2023-09-09,LIFESTYLE STORE #6908,5109.64,Shopping,lifestyle store,9,5,2023-09,4
2023-09-10,YOUTUBE PREMIUM #6323,1313.35,Entertainment,youtube premium,9,6,2023-09,1
2023-09-10,WATER BILL #7541,3063.76,Bills & Utilities,water bill,9,6,2023-09,0
2023-09-10,IKEA PURCHASE #7943,3903.86,Shopping,ikea purchase,9,6,2023-09,4
2023-09-10,LIFESTYLE STORE #3762,237.69,Shopping,lifestyle store,9,6,2023-09,4
2023-09-10,HOTSTAR PREMIUM #4853,664.69,Entertainment,hotstar premium,9,6,2023-09,1
2023-09-11,RENT PAYMENT #1424,4823.69,Bills & Utilities,rent payment,9,0,2023-09,0
2023-09-11,METRO CARD RECHARGE #2884,1732.41,Transport,metro card recharge,9,0,2023-09,5
2023-09-11,UBER TRIP #1659,1515.84,Transport,uber trip,9,0,2023-09,5
2023-09-11,INDIGO AIRLINES #8373,540.61,Transport,indigo airlines,9,0,2023-09,5
2023-09-12,BUS PASS #3430,209.69,Transport,bus pass,9,1,2023-09,5
2023-09-12,DISNEY PLUS #2560,705.42,Entertainment,disney plus,9,1,2023-09,1
2023-09-12,RAPIDO BIKE #8822,667.5,Transport,rapido bike,9,1,2023-09,5
2023-09-12,DENTAL CLINIC #2392,417.17,Health,dental clinic,9,1,2023-09,3
2023-09-12,PETROL PUMP #5537,1299.9,Transport,petrol pump,9,1,2023-09,5
2023-09-12,OLA RIDE #7870,472.3,Transport,ola ride,9,1,2023-09,5
2023-09-13,PETROL PUMP #4288,1678.84,Transport,petrol pump,9,2,2023-09,5
2023-09-13,AUTO RICKSHAW #8611,128.93,Transport,auto rickshaw,9,2,2023-09,5
2023-09-13,IRCTC TICKET #4006,578.73,Transport,irctc ticket,9,2,2023-09,5
2023-09-14,IKEA PURCHASE #5653,6798.28,Shopping,ikea purchase,9,3,2023-09,4
2023-09-14,KFC ORDER #5222,1320.36,Food & Dining,kfc order,9,3,2023-09,2
2023-09-14,NETFLIX SUBSCRIPTION #8078,1128.08,Entertainment,netflix subscription,9,3,2023-09,1
2023-09-14,MYNTRA FASHION #8448,1042.69,Shopping,myntra fashion,9,3,2023-09,4
2023-09-14,WATER BILL #8985,133.86,Bills & Utilities,water bill,9,3,2023-09,0
2023-09-14,METRO CARD RECHARGE #2529,1319.54,Transport,metro card recharge,9,3,2023-09,5
2023-09-15,BIGBASKET ORDER #5670,353.91,Food & Dining,bigbasket order,9,4,2023-09,2
2023-09-16,MAINTENANCE FEE #7230,705.62,Bills & Utilities,maintenance fee,9,5,2023-09,0
2023-09-16,DOMINOS PIZZA #4140,656.41,Food & Dining,dominos pizza,9,5,2023-09,2
2023-09-17,NETFLIX SUBSCRIPTION #8685,265.61,Entertainment,netflix subscription,9,6,2023-09,1
2023-09-18,WATER BILL #3676,394.18,Bills & Utilities,water bill,9,0,2023-09,0
2023-09-18,DTH RECHARGE #2600,2184.9,Bills & Utilities,dth recharge,9,0,2023-09,0
2023-09-19,MOBILE RECHARGE #5329,737.33,Bills & Utilities,mobile recharge,9,1,2023-09,0
2023-09-19,PHARMACY BILL #7147,2641.98,Health,pharmacy bill,9,1,2023-09,3
2023-09-20,MYNTRA FASHION #4871,1001.88,Shopping,myntra fashion,9,2,2023-09,4
2023-09-20,DOCTOR CONSULTATION #4571,1448.6,Health,doctor consultation,9,2,2023-09,3
2023-09-20,DOCTOR CONSULTATION #6674,2779.63,Health,doctor consultation,9,2,2023-09,3
2023-09-20,MEDICINE ORDER #9615,1909.51,Health,medicine order,9,2,2023-09,3
2023-09-21,MYNTRA FASHION #5603,2346.69,Shopping,myntra fashion,9,3,2023-09,4
2023-09-21,BIGBASKET ORDER #3662,1110.12,Food & Dining,bigbasket order,9,3,2023-09,2
2023-09-21,DISNEY PLUS #5465,1262.49,Entertainment,disney plus,9,3,2023-09,1
2023-09-22,MCDONALD'S #3406,131.07,Food & Dining,mcdonalds,9,4,2023-09,2
2023-09-22,MYNTRA FASHION #7763,7165.49,Shopping,myntra fashion,9,4,2023-09,4
2023-09-22,RENT PAYMENT #6450,4980.2,Bills & Utilities,rent payment,9,4,2023-09,0
2023-09-22,INTERNET BILL #4666,804.24,Bills & Utilities,internet bill,9,4,2023-09,0
2023-09-22,BOOKMYSHOW #8872,891.37,Entertainment,bookmyshow,9,4,2023-09,1
2023-09-22,MYNTRA FASHION #8988,1854.53,Shopping,myntra fashion,9,4,2023-09,4
2023-09-22,INDIGO AIRLINES #6730,708.17,Transport,indigo airlines,9,4,2023-09,5
2023-09-23,RAPIDO BIKE #2281,1501.65,Transport,rapido bike,9,5,2023-09,5
2023-09-23,EMI PAYMENT #2650,1694.64,Bills & Utilities,emi payment,9,5,2023-09,0
2023-09-23,PHARMACY BILL #9148,2992.66,Health,pharmacy bill,9,5,2023-09,3
2023-09-24,EYE CLINIC #5981,2208.22,Health,eye clinic,9,6,2023-09,3
2023-09-24,AUTO RICKSHAW #1673,1173.56,Transport,auto rickshaw,9,6,2023-09,5
2023-09-24,WATER BILL #8370,3748.51,Bills & Utilities,water bill,9,6,2023-09,0
2023-09-25,PRACTO APPOINTMENT #2644,2490.76,Health,practo appointment,9,0,2023-09,3
2023-09-25,EYE CLINIC #9565,1017.47,Health,eye clinic,9,0,2023-09,3
2023-09-25,MEDICINE ORDER #7058,2442.74,Health,medicine order,9,0,2023-09,3
2023-09-26,EMI PAYMENT #1807,2785.95,Bills & Utilities,emi payment,9,1,2023-09,0
2023-09-26,PETROL PUMP #1352,376.87,Transport,petrol pump,9,1,2023-09,5
2023-09-26,IKEA PURCHASE #3024,3747.33,Shopping,ikea purchase,9,1,2023-09,4
2023-09-27,LIFESTYLE STORE #5456,4286.06,Shopping,lifestyle store,9,2,2023-09,4
2023-09-27,SPOTIFY PREMIUM #9301,177.09,Entertainment,spotify premium,9,2,2023-09,1
2023-09-27,METRO CARD RECHARGE #3287,515.86,Transport,metro card recharge,9,2,2023-09,5
2023-09-27,KFC ORDER #3539,701.61,Food & Dining,kfc order,9,2,2023-09,2
2023-09-27,DISNEY PLUS #1159,1080.85,Entertainment,disney plus,9,2,2023-09,1
2023-09-28,HOSPITAL BILL #4335,2093.74,Health,hospital bill,9,3,2023-09,3
2023-09-28,EMI PAYMENT #9502,3916.24,Bills & Utilities,emi payment,9,3,2023-09,0
2023-09-28,INSURANCE PREMIUM #6608,2776.74,Bills & Utilities,insurance premium,9,3,2023-09,0
2023-09-29,UBER TRIP #6500,909.86,Transport,uber trip,9,4,2023-09,5
2023-09-29,INTERNET BILL #4847,3703.6,Bills & Utilities,internet bill,9,4,2023-09,0
2023-09-29,MEESHO ORDER #4112,3392.38,Shopping,meesho order,9,4,2023-09,4
2023-09-29,GAS CYLINDER #2225,2400.5,Bills & Utilities,gas cylinder,9,4,2023-09,0
2023-09-29,SWIGGY DELIVERY #5279,308.92,Food & Dining,swiggy delivery,9,4,2023-09,2
2023-09-29,NETFLIX SUBSCRIPTION #1464,212.79,Entertainment,netflix subscription,9,4,2023-09,1
2023-09-30,MAINTENANCE FEE #2651,146.58,Bills & Utilities,maintenance fee,9,5,2023-09,0
2023-09-30,CAFE COFFEE DAY #9520,1481.0,Food & Dining,cafe coffee day,9,5,2023-09,2
2023-09-30,NYKAA COSMETICS #9274,1535.84,Shopping,nykaa cosmetics,9,5,2023-09,4
2023-09-30,OLA RIDE #1619,1339.27,Transport,ola ride,9,5,2023-09,5
2023-09-30,DOMINOS PIZZA #4260,1425.14,Food & Dining,dominos pizza,9,5,2023-09,2
2023-09-30,UBER TRIP #5060,1324.02,Transport,uber trip,9,5,2023-09,5
2023-10-01,BUS PASS #6820,442.73,Transport,bus pass,10,6,2023-10,5
2023-10-01,LAB TEST #3070,513.74,Health,lab test,10,6,2023-10,3
2023-10-01,RELIANCE TRENDS #6820,6201.12,Shopping,reliance trends,10,6,2023-10,4
2023-10-01,GROCERY STORE #7284,391.51,Food & Dining,grocery store,10,6,2023-10,2
2023-10-01,EMI PAYMENT #5466,1741.34,Bills & Utilities,emi payment,10,6,2023-10,0
2023-10-03,YOUTUBE PREMIUM #4878,1096.69,Entertainment,youtube premium,10,1,2023-10,1
2023-10-03,LAB TEST #9780,690.91,Health,lab test,10,1,2023-10,3
2023-10-04,GROCERY STORE #8286,571.88,Food & Dining,grocery store,10,2,2023-10,2
2023-10-04,INDIGO AIRLINES #4181,1275.08,Transport,indigo airlines,10,2,2023-10,5
2023-10-04,LIFESTYLE STORE #2654,5367.37,Shopping,lifestyle store,10,2,2023-10,4
2023-10-05,MEDICINE ORDER #4505,686.0,Health,medicine order,10,3,2023-10,3
2023-10-05,LAB TEST #4377,514.95,Health,lab test,10,3,2023-10,3
2023-10-06,PARKING FEE #1815,1357.72,Transport,parking fee,10,4,2023-10,5
2023-10-06,INTERNET BILL #9464,3846.24,Bills & Utilities,internet bill,10,4,2023-10,0
2023-10-07,LAB TEST #6855,573.6,Health,lab test,10,5,2023-10,3
2023-10-07,EYE CLINIC #2552,1816.41,Health,eye clinic,10,5,2023-10,3
2023-10-08,RENT PAYMENT #5970,2270.72,Bills & Utilities,rent payment,10,6,2023-10,0
2023-10-08,UBER TRIP #3167,820.53,Transport,uber trip,10,6,2023-10,5
2023-10-09,AJIO ORDER #6167,4040.25,Shopping,ajio order,10,0,2023-10,4
2023-10-09,KFC ORDER #7739,67.18,Food & Dining,kfc order,10,0,2023-10,2
2023-10-10,OLA RIDE #3579,201.08,Transport,ola ride,10,1,2023-10,5
2023-10-10,PRACTO APPOINTMENT #6316,143.7,Health,practo appointment,10,1,2023-10,3
2023-10-10,PETROL PUMP #8546,711.93,Transport,petrol pump,10,1,2023-10,5
2023-10-10,CAFE COFFEE DAY #7510,850.48,Food & Dining,cafe coffee day,10,1,2023-10,2
2023-10-11,DENTAL CLINIC #6703,1107.68,Health,dental clinic,10,2,2023-10,3
2023-10-11,DISNEY PLUS #9956,1000.76,Entertainment,disney plus,10,2,2023-10,1
2023-10-12,MCDONALD'S #1107,404.83,Food & Dining,mcdonalds,10,3,2023-10,2
2023-10-12,BUS PASS #1479,208.84,Transport,bus pass,10,3,2023-10,5
2023-10-12,AUTO RICKSHAW #2259,1707.35,Transport,auto rickshaw,10,3,2023-10,5
2023-10-12,WATER BILL #2525,2073.97,Bills & Utilities,water bill,10,3,2023-10,0
2023-10-13,RESTAURANT BILL #7958,1101.54,Food & Dining,restaurant bill,10,4,2023-10,2
2023-10-13,DTH RECHARGE #5564,4335.33,Bills & Utilities,dth recharge,10,4,2023-10,0
2023-10-13,YOUTUBE PREMIUM #4150,1440.23,Entertainment,youtube premium,10,4,2023-10,1
2023-10-13,AMAZON PRIME #8171,295.5,Entertainment,amazon prime,10,4,2023-10,1
2023-10-14,BUS PASS #5049,134.92,Transport,bus pass,10,5,2023-10,5
2023-10-14,HOSPITAL BILL #6638,122.92,Health,hospital bill,10,5,2023-10,3
2023-10-14,DOCTOR CONSULTATION #3288,2202.71,Health,doctor consultation,10,5,2023-10,3
2023-10-14,INSURANCE PREMIUM #8848,398.8,Bills & Utilities,insurance premium,10,5,2023-10,0
2023-10-14,LAB TEST #1420,1845.54,Health,lab test,10,5,2023-10,3
2023-10-15,GAS CYLINDER #4768,477.73,Bills & Utilities,gas cylinder,10,6,2023-10,0
2023-10-15,AMAZON PRIME #1480,1353.97,Entertainment,amazon prime,10,6,2023-10,1
2023-10-15,PETROL PUMP #1972,1153.05,Transport,petrol pump,10,6,2023-10,5
2023-10-16,KFC ORDER #6885,209.06,Food & Dining,kfc order,10,0,2023-10,2
2023-10-16,KFC ORDER #6716,1065.66,Food & Dining,kfc order,10,0,2023-10,2
2023-10-17,WATER BILL #7322,1357.29,Bills & Utilities,water bill,10,1,2023-10,0
2023-10-17,LIFESTYLE STORE #7407,760.22,Shopping,lifestyle store,10,1,2023-10,4
2023-10-17,MOBILE RECHARGE #6907,4638.56,Bills & Utilities,mobile recharge,10,1,2023-10,0
2023-10-17,CAFE COFFEE DAY #2129,1321.64,Food & Dining,cafe coffee day,10,1,2023-10,2
2023-10-17,IRCTC TICKET #4385,1212.16,Transport,irctc ticket,10,1,2023-10,5
2023-10-17,IKEA PURCHASE #5377,6600.29,Shopping,ikea purchase,10,1,2023-10,4
2023-10-18,BIGBASKET ORDER #9088,217.8,Food & Dining,bigbasket order,10,2,2023-10,2
2023-10-18,INDIGO AIRLINES #8467,320.43,Transport,indigo airlines,10,2,2023-10,5
2023-10-18,CAFE COFFEE DAY #6068,382.57,Food & Dining,cafe coffee day,10,2,2023-10,2
2023-10-18,BIGBASKET ORDER #2533,345.41,Food & Dining,bigbasket order,10,2,2023-10,2
2023-10-18,LIFESTYLE STORE #8596,2585.61,Shopping,lifestyle store,10,2,2023-10,4
2023-10-18,BOOKMYSHOW #5440,297.32,Entertainment,bookmyshow,10,2,2023-10,1
2023-10-19,DTH RECHARGE #4891,4850.98,Bills & Utilities,dth recharge,10,3,2023-10,0
2023-10-19,MEDICINE ORDER #2680,2630.89,Health,medicine order,10,3,2023-10,3
2023-10-19,NETFLIX SUBSCRIPTION #2124,1386.77,Entertainment,netflix subscription,10,3,2023-10,1
2023-10-19,BIGBASKET ORDER #4251,210.47,Food & Dining,bigbasket order,10,3,2023-10,2
2023-10-19,RENT PAYMENT #1003,3658.94,Bills & Utilities,rent payment,10,3,2023-10,0
2023-10-20,NYKAA COSMETICS #8311,1873.65,Shopping,nykaa cosmetics,10,4,2023-10,4
2023-10-21,GYM MEMBERSHIP #7757,874.11,Health,gym membership,10,5,2023-10,3
2023-10-21,BIGBASKET ORDER #3392,249.52,Food & Dining,bigbasket order,10,5,2023-10,2
2023-10-21,MEDICINE ORDER #2284,1205.11,Health,medicine order,10,5,2023-10,3
2023-10-21,GYM MEMBERSHIP #6257,681.61,Health,gym membership,10,5,2023-10,3
2023-10-22,DTH RECHARGE #3399,1523.22,Bills & Utilities,dth recharge,10,6,2023-10,0
2023-10-22,MEDICINE ORDER #3034,1996.06,Health,medicine order,10,6,2023-10,3
2023-10-22,NETFLIX SUBSCRIPTION #2121,427.91,Entertainment,netflix subscription,10,6,2023-10,1
2023-10-22,MAINTENANCE FEE #8822,3287.64,Bills & Utilities,maintenance fee,10,6,2023-10,0
2023-10-23,METRO CARD RECHARGE #4715,983.96,Transport,metro card recharge,10,0,2023-10,5
2023-10-23,SWIGGY DELIVERY #7400,1352.02,Food & Dining,swiggy delivery,10,0,2023-10,2
2023-10-23,METRO CARD RECHARGE #1535,571.46,Transport,metro card recharge,10,0,2023-10,5
2023-10-23,APPLE MUSIC #9647,691.98,Entertainment,apple music,10,0,2023-10,1
2023-10-23,DOMINOS PIZZA #6039,912.81,Food & Dining,dominos pizza,10,0,2023-10,2
2023-10-23,BUS PASS #7744,1396.54,Transport,bus pass,10,0,2023-10,5
2023-10-24,GAMING PURCHASE #2807,268.33,Entertainment,gaming purchase,10,1,2023-10,1
2023-10-24,ZOMATO ORDER #8612,1443.62,Food & Dining,zomato order,10,1,2023-10,2
2023-10-24,MAINTENANCE FEE #4052,4689.38,Bills & Utilities,maintenance fee,10,1,2023-10,0
2023-10-25,HOSPITAL BILL #2063,1694.99,Health,hospital bill,10,2,2023-10,3
2023-10-25,LAB TEST #6993,1238.25,Health,lab test,10,2,2023-10,3
2023-10-25,UBER TRIP #1749,617.46,Transport,uber trip,10,2,2023-10,5
2023-10-26,LIFESTYLE STORE #6832,579.98,Shopping,lifestyle store,10,3,2023-10,4
2023-10-26,BIGBASKET ORDER #6818,1253.33,Food & Dining,bigbasket order,10,3,2023-10,2
2023-10-26,UBER TRIP #1421,437.7,Transport,uber trip,10,3,2023-10,5
2023-10-26,CAFE COFFEE DAY #5650,348.54,Food & Dining,cafe coffee day,10,3,2023-10,2
2023-10-26,LAB TEST #9165,2804.69,Health,lab test,10,3,2023-10,3
2023-10-26,INDIGO AIRLINES #6057,1218.56,Transport,indigo airlines,10,3,2023-10,5
2023-10-26,SUBWAY #3770,880.65,Food & Dining,subway,10,3,2023-10,2
2023-10-27,DISNEY PLUS #3758,552.44,Entertainment,disney plus,10,4,2023-10,1
2023-10-27,MOBILE RECHARGE #1149,3852.76,Bills & Utilities,mobile recharge,10,4,2023-10,0
2023-10-28,HOTSTAR PREMIUM #7201,209.4,Entertainment,hotstar premium,10,5,2023-10,1
2023-10-28,BOOKMYSHOW #8675,282.75,Entertainment,bookmyshow,10,5,2023-10,1
2023-10-29,FLIPKART PURCHASE #6883,7231.51,Shopping,flipkart purchase,10,6,2023-10,4
2023-10-29,SWIGGY DELIVERY #1914,860.92,Food & Dining,swiggy delivery,10,6,2023-10,2
2023-10-29,MCDONALD'S #4098,1288.93,Food & Dining,mcdonalds,10,6,2023-10,2
2023-10-29,DTH RECHARGE #7089,1376.74,Bills & Utilities,dth recharge,10,6,2023-10,0
2023-10-29,PARKING FEE #3872,775.42,Transport,parking fee,10,6,2023-10,5
2023-10-30,MOVIE TICKET #7691,555.98,Entertainment,movie ticket,10,0,2023-10,1
2023-10-30,LAB TEST #1230,2236.19,Health,lab test,10,0,2023-10,3
2023-10-30,NYKAA COSMETICS #3399,6747.18,Shopping,nykaa cosmetics,10,0,2023-10,4
2023-10-30,YOGA CLASS #5073,1616.97,Health,yoga class,10,0,2023-10,3
2023-10-30,KFC ORDER #9313,530.36,Food & Dining,kfc order,10,0,2023-10,2
2023-10-30,GAS CYLINDER #6629,1177.28,Bills & Utilities,gas cylinder,10,0,2023-10,0
2023-10-31,YOUTUBE PREMIUM #6176,301.73,Entertainment,youtube premium,10,1,2023-10,1
2023-10-31,MOVIE TICKET #2647,1265.51,Entertainment,movie ticket,10,1,2023-10,1
2023-11-01,RELIANCE TRENDS #8501,5015.43,Shopping,reliance trends,11,2,2023-11,4
2023-11-01,MOVIE TICKET #4684,1418.02,Entertainment,movie ticket,11,2,2023-11,1
2023-11-01,AMAZON PRIME #5708,470.48,Entertainment,amazon prime,11,2,2023-11,1
2023-11-03,DISNEY PLUS #9025,1091.94,Entertainment,disney plus,11,4,2023-11,1
2023-11-03,DISNEY PLUS #1128,1034.68,Entertainment,disney plus,11,4,2023-11,1
2023-11-03,LIFESTYLE STORE #9412,581.81,Shopping,lifestyle store,11,4,2023-11,4
2023-11-03,DENTAL CLINIC #5278,124.75,Health,dental clinic,11,4,2023-11,3
2023-11-04,OLA RIDE #1040,333.43,Transport,ola ride,11,5,2023-11,5
2023-11-04,BOOKMYSHOW #3041,1107.38,Entertainment,bookmyshow,11,5,2023-11,1
2023-11-04,CAFE COFFEE DAY #8002,1288.36,Food & Dining,cafe coffee day,11,5,2023-11,2
2023-11-04,FLIPKART PURCHASE #5945,4136.19,Shopping,flipkart purchase,11,5,2023-11,4
2023-11-04,RELIANCE TRENDS #5093,2017.35,Shopping,reliance trends,11,5,2023-11,4
2023-11-04,EMI PAYMENT #2562,3016.63,Bills & Utilities,emi payment,11,5,2023-11,0
2023-11-04,PETROL PUMP #3465,1500.47,Transport,petrol pump,11,5,2023-11,5
2023-11-05,PRACTO APPOINTMENT #3777,502.64,Health,practo appointment,11,6,2023-11,3
2023-11-05,DOMINOS PIZZA #6285,915.48,Food & Dining,dominos pizza,11,6,2023-11,2
2023-11-05,DOMINOS PIZZA #9158,1205.39,Food & Dining,dominos pizza,11,6,2023-11,2
2023-11-05,HOSPITAL BILL #7627,2348.66,Health,hospital bill,11,6,2023-11,3
2023-11-06,INSURANCE PREMIUM #5745,3245.35,Bills & Utilities,insurance premium,11,0,2023-11,0
2023-11-06,IKEA PURCHASE #9037,529.42,Shopping,ikea purchase,11,0,2023-11,4
2023-11-06,BUS PASS #5669,340.76,Transport,bus pass,11,0,2023-11,5
2023-11-06,GAS CYLINDER #7993,1339.07,Bills & Utilities,gas cylinder,11,0,2023-11,0
2023-11-06,NETFLIX SUBSCRIPTION #9480,288.26,Entertainment,netflix subscription,11,0,2023-11,1
2023-11-06,INTERNET BILL #3161,4422.52,Bills & Utilities,internet bill,11,0,2023-11,0
2023-11-06,INTERNET BILL #7088,2314.34,Bills & Utilities,internet bill,11,0,2023-11,0
2023-11-06,DOCTOR CONSULTATION #8606,2737.22,Health,doctor consultation,11,0,2023-11,3
2023-11-07,AUTO RICKSHAW #5496,276.59,Transport,auto rickshaw,11,1,2023-11,5
2023-11-07,IRCTC TICKET #3890,1223.53,Transport,irctc ticket,11,1,2023-11,5
2023-11-07,INDIGO AIRLINES #2118,953.77,Transport,indigo airlines,11,1,2023-11,5
2023-11-08,MEESHO ORDER #5777,4597.69,Shopping,meesho order,11,2,2023-11,4
2023-11-08,WATER BILL #1878,843.46,Bills & Utilities,water bill,11,2,2023-11,0
2023-11-08,BIGBASKET ORDER #8397,976.55,Food & Dining,bigbasket order,11,2,2023-11,2
2023-11-08,KFC ORDER #7997,983.62,Food & Dining,kfc order,11,2,2023-11,2
2023-11-08,DISNEY PLUS #1002,1256.1,Entertainment,disney plus,11,2,2023-11,1
2023-11-08,PETROL PUMP #6187,620.48,Transport,petrol pump,11,2,2023-11,5
2023-11-08,AJIO ORDER #1886,6828.52,Shopping,ajio order,11,2,2023-11,4
2023-11-08,METRO CARD RECHARGE #8201,814.14,Transport,metro card recharge,11,2,2023-11,5
2023-11-08,LIFESTYLE STORE #7586,7109.11,Shopping,lifestyle store,11,2,2023-11,4
2023-11-09,MCDONALD'S #7449,365.32,Food & Dining,mcdonalds,11,3,2023-11,2
2023-11-09,PARKING FEE #7910,125.84,Transport,parking fee,11,3,2023-11,5
2023-11-09,YOUTUBE PREMIUM #1352,154.69,Entertainment,youtube premium,11,3,2023-11,1
2023-11-09,NETFLIX SUBSCRIPTION #4666,452.6,Entertainment,netflix subscription,11,3,2023-11,1
2023-11-09,BIGBASKET ORDER #3711,125.09,Food & Dining,bigbasket order,11,3,2023-11,2
2023-11-09,KFC ORDER #3511,220.73,Food & Dining,kfc order,11,3,2023-11,2
2023-11-10,MOBILE RECHARGE #3161,4501.58,Bills & Utilities,mobile recharge,11,4,2023-11,0
2023-11-10,MAINTENANCE FEE #6379,3120.08,Bills & Utilities,maintenance fee,11,4,2023-11,0
2023-11-10,MYNTRA FASHION #2682,3191.69,Shopping,myntra fashion,11,4,2023-11,4
2023-11-10,SWIGGY DELIVERY #6372,1008.33,Food & Dining,swiggy delivery,11,4,2023-11,2
2023-11-10,ZOMATO ORDER #7231,640.58,Food & Dining,zomato order,11,4,2023-11,2
2023-11-11,DOCTOR CONSULTATION #4641,1130.32,Health,doctor consultation,11,5,2023-11,3
2023-11-11,RAPIDO BIKE #3332,1385.45,Transport,rapido bike,11,5,2023-11,5
2023-11-11,AMAZON ORDER #7164,6822.25,Shopping,amazon order,11,5,2023-11,4
2023-11-12,EMI PAYMENT #1945,2838.11,Bills & Utilities,emi payment,11,6,2023-11,0
2023-11-12,PARKING FEE #2914,1733.25,Transport,parking fee,11,6,2023-11,5
2023-11-12,GROCERY STORE #8972,814.05,Food & Dining,grocery store,11,6,2023-11,2
2023-11-13,MOVIE TICKET #1474,351.76,Entertainment,movie ticket,11,0,2023-11,1
2023-11-13,MEDICINE ORDER #4833,1648.63,Health,medicine order,11,0,2023-11,3
2023-11-13,GYM MEMBERSHIP #5144,1702.91,Health,gym membership,11,0,2023-11,3
2023-11-14,EYE CLINIC #8126,1618.03,Health,eye clinic,11,1,2023-11,3
2023-11-15,MYNTRA FASHION #7642,5551.37,Shopping,myntra fashion,11,2,2023-11,4
2023-11-15,RENT PAYMENT #9558,667.6,Bills & Utilities,rent payment,11,2,2023-11,0
2023-11-16,INDIGO AIRLINES #2279,1377.63,Transport,indigo airlines,11,3,2023-11,5
2023-11-16,KFC ORDER #6119,82.6,Food & Dining,kfc order,11,3,2023-11,2
2023-11-16,AMAZON PRIME #8746,644.16,Entertainment,amazon prime,11,3,2023-11,1
2023-11-16,DOMINOS PIZZA #1284,745.3,Food & Dining,dominos pizza,11,3,2023-11,2
2023-11-17,PARKING FEE #3003,1553.19,Transport,parking fee,11,4,2023-11,5
2023-11-17,RENT PAYMENT #7825,4787.84,Bills & Utilities,rent payment,11,4,2023-11,0
2023-11-17,INTERNET BILL #6573,3072.64,Bills & Utilities,internet bill,11,4,2023-11,0
2023-11-17,OLA RIDE #5760,739.62,Transport,ola ride,11,4,2023-11,5
2023-11-17,RAPIDO BIKE #6364,1869.49,Transport,rapido bike,11,4,2023-11,5
2023-11-17,APPLE MUSIC #2388,1040.63,Entertainment,apple music,11,4,2023-11,1
2023-11-17,MEDICINE ORDER #6581,2396.55,Health,medicine order,11,4,2023-11,3
2023-11-17,ELECTRICITY BILL #8532,4613.7,Bills & Utilities,electricity bill,11,4,2023-11,0
2023-11-18,UBER TRIP #3693,915.65,Transport,uber trip,11,5,2023-11,5
2023-11-18,MAINTENANCE FEE #1753,410.35,Bills & Utilities,maintenance fee,11,5,2023-11,0
2023-11-18,SWIGGY DELIVERY #8119,551.25,Food & Dining,swiggy delivery,11,5,2023-11,2
2023-11-19,DENTAL CLINIC #2140,345.86,Health,dental clinic,11,6,2023-11,3
2023-11-19,GROCERY STORE #4635,361.49,Food & Dining,grocery store,11,6,2023-11,2
2023-11-19,LIFESTYLE STORE #5386,716.27,Shopping,lifestyle store,11,6,2023-11,4
2023-11-19,PRACTO APPOINTMENT #1601,1419.0,Health,practo appointment,11,6,2023-11,3
2023-11-19,CAFE COFFEE DAY #2951,606.26,Food & Dining,cafe coffee day,11,6,2023-11,2
2023-11-19,GAMING PURCHASE #6759,1448.51,Entertainment,gaming purchase,11,6,2023-11,1
2023-11-20,PHARMACY BILL #9537,968.1,Health,pharmacy bill,11,0,2023-11,3
2023-11-20,GROCERY STORE #8353,603.91,Food & Dining,grocery store,11,0,2023-11,2
2023-11-20,SPOTIFY PREMIUM #7876,1250.02,Entertainment,spotify premium,11,0,2023-11,1
2023-11-20,MCDONALD'S #3738,838.38,Food & Dining,mcdonalds,11,0,2023-11,2
2023-11-20,MYNTRA FASHION #1245,3336.69,Shopping,myntra fashion,11,0,2023-11,4
2023-11-20,EYE CLINIC #6295,2606.32,Health,eye clinic,11,0,2023-11,3
2023-11-21,MEESHO ORDER #3625,7343.95,Shopping,meesho order,11,1,2023-11,4
2023-11-21,RENT PAYMENT #7021,4042.07,Bills & Utilities,rent payment,11,1,2023-11,0
2023-11-21,DOMINOS PIZZA #6629,380.92,Food & Dining,dominos pizza,11,1,2023-11,2
2023-11-21,AMAZON ORDER #8695,4786.32,Shopping,amazon order,11,1,2023-11,4
2023-11-21,SUBWAY #3184,1212.05,Food & Dining,subway,11,1,2023-11,2
2023-11-21,EMI PAYMENT #5705,2192.56,Bills & Utilities,emi payment,11,1,2023-11,0
2023-11-22,INTERNET BILL #9270,4791.34,Bills & Utilities,internet bill,11,2,2023-11,0
2023-11-22,GROCERY STORE #2143,1355.17,Food & Dining,grocery store,11,2,2023-11,2
2023-11-22,EMI PAYMENT #6866,457.12,Bills & Utilities,emi payment,11,2,2023-11,0
2023-11-22,MYNTRA FASHION #3885,2045.1,Shopping,myntra fashion,11,2,2023-11,4
2023-11-23,BUS PASS #3384,1462.35,Transport,bus pass,11,3,2023-11,5
2023-11-23,DISNEY PLUS #3290,558.48,Entertainment,disney plus,11,3,2023-11,1
2023-11-23,LIFESTYLE STORE #5430,1602.56,Shopping,lifestyle store,11,3,2023-11,4
2023-11-23,WATER BILL #7142,1200.24,Bills & Utilities,water bill,11,3,2023-11,0
2023-11-24,FLIPKART PURCHASE #4899,2905.12,Shopping,flipkart purchase,11,4,2023-11,4
2023-11-24,GAS CYLINDER #8292,4986.59,Bills & Utilities,gas cylinder,11,4,2023-11,0
2023-11-25,PARKING FEE #4994,1919.03,Transport,parking fee,11,5,2023-11,5
2023-11-25,EYE CLINIC #6224,1774.68,Health,eye clinic,11,5,2023-11,3
2023-11-25,EMI PAYMENT #3956,2772.82,Bills & Utilities,emi payment,11,5,2023-11,0
2023-11-26,NYKAA COSMETICS #4443,3553.13,Shopping,nykaa cosmetics,11,6,2023-11,4
2023-11-26,GAMING PURCHASE #4079,103.38,Entertainment,gaming purchase,11,6,2023-11,1
2023-11-26,OLA RIDE #1008,132.7,Transport,ola ride,11,6,2023-11,5
2023-11-26,MAINTENANCE FEE #2204,4506.41,Bills & Utilities,maintenance fee,11,6,2023-11,0
2023-11-26,MOVIE TICKET #6285,673.14,Entertainment,movie ticket,11,6,2023-11,1
2023-11-27,INSURANCE PREMIUM #2764,4096.56,Bills & Utilities,insurance premium,11,0,2023-11,0
2023-11-27,PRACTO APPOINTMENT #2655,1076.03,Health,practo appointment,11,0,2023-11,3
2023-11-27,IRCTC TICKET #4470,1004.59,Transport,irctc ticket,11,0,2023-11,5
2023-11-27,CAFE COFFEE DAY #1849,1288.1,Food & Dining,cafe coffee day,11,0,2023-11,2
2023-11-27,LAB TEST #9255,1673.23,Health,lab test,11,0,2023-11,3
2023-11-28,PARKING FEE #4057,1100.93,Transport,parking fee,11,1,2023-11,5
2023-11-28,BUS PASS #3907,1840.0,Transport,bus pass,11,1,2023-11,5
2023-11-28,MEDICINE ORDER #5528,2331.14,Health,medicine order,11,1,2023-11,3
2023-11-29,WATER BILL #6509,4942.97,Bills & Utilities,water bill,11,2,2023-11,0
2023-11-29,MYNTRA FASHION #7062,2630.77,Shopping,myntra fashion,11,2,2023-11,4
2023-11-29,SPOTIFY PREMIUM #2076,275.79,Entertainment,spotify premium,11,2,2023-11,1
2023-11-29,PHARMACY BILL #3262,1604.18,Health,pharmacy bill,11,2,2023-11,3
2023-11-29,BIGBASKET ORDER #2524,915.54,Food & Dining,bigbasket order,11,2,2023-11,2
2023-11-29,FLIPKART PURCHASE #7636,362.68,Shopping,flipkart purchase,11,2,2023-11,4
2023-11-30,FLIPKART PURCHASE #6531,1524.28,Shopping,flipkart purchase,11,3,2023-11,4
2023-11-30,LAB TEST #1965,1881.98,Health,lab test,11,3,2023-11,3
2023-11-30,BIGBASKET ORDER #1749,1455.92,Food & Dining,bigbasket order,11,3,2023-11,2
2023-11-30,APPLE MUSIC #6340,686.11,Entertainment,apple music,11,3,2023-11,1
2023-11-30,ZOMATO ORDER #6846,1297.53,Food & Dining,zomato order,11,3,2023-11,2
2023-11-30,FLIPKART PURCHASE #2723,4134.28,Shopping,flipkart purchase,11,3,2023-11,4
2023-11-30,HOTSTAR PREMIUM #9796,360.93,Entertainment,hotstar premium,11,3,2023-11,1
2023-12-01,BOOKMYSHOW #7745,909.77,Entertainment,bookmyshow,12,4,2023-12,1
2023-12-01,AMAZON PRIME #8306,599.71,Entertainment,amazon prime,12,4,2023-12,1
2023-12-01,PHARMACY BILL #3934,1209.64,Health,pharmacy bill,12,4,2023-12,3
2023-12-01,AJIO ORDER #7499,7757.58,Shopping,ajio order,12,4,2023-12,4
2023-12-01,HOTSTAR PREMIUM #6764,688.64,Entertainment,hotstar premium,12,4,2023-12,1
2023-12-02,HOSPITAL BILL #8449,2855.74,Health,hospital bill,12,5,2023-12,3
2023-12-03,AJIO ORDER #7512,5268.73,Shopping,ajio order,12,6,2023-12,4
2023-12-03,IKEA PURCHASE #7171,5219.25,Shopping,ikea purchase,12,6,2023-12,4
2023-12-03,BIGBASKET ORDER #1096,942.52,Food & Dining,bigbasket order,12,6,2023-12,2
2023-12-04,AMAZON PRIME #6468,374.5,Entertainment,amazon prime,12,0,2023-12,1
2023-12-04,AUTO RICKSHAW #1982,1185.34,Transport,auto rickshaw,12,0,2023-12,5
2023-12-05,INSURANCE PREMIUM #9698,1784.41,Bills & Utilities,insurance premium,12,1,2023-12,0
2023-12-05,LIFESTYLE STORE #2146,7601.22,Shopping,lifestyle store,12,1,2023-12,4
2023-12-05,LIFESTYLE STORE #4004,5656.99,Shopping,lifestyle store,12,1,2023-12,4
2023-12-05,GYM MEMBERSHIP #2052,1303.12,Health,gym membership,12,1,2023-12,3
2023-12-05,NETFLIX SUBSCRIPTION #3279,314.32,Entertainment,netflix subscription,12,1,2023-12,1
2023-12-05,UBER TRIP #9055,661.65,Transport,uber trip,12,1,2023-12,5
2023-12-06,DISNEY PLUS #1306,390.78,Entertainment,disney plus,12,2,2023-12,1
2023-12-06,EMI PAYMENT #4492,1271.19,Bills & Utilities,emi payment,12,2,2023-12,0
2023-12-06,IKEA PURCHASE #7548,5500.24,Shopping,ikea purchase,12,2,2023-12,4
2023-12-06,MAINTENANCE FEE #9399,4539.67,Bills & Utilities,maintenance fee,12,2,2023-12,0
2023-12-06,DOMINOS PIZZA #7464,660.53,Food & Dining,dominos pizza,12,2,2023-12,2
2023-12-06,MEESHO ORDER #4495,5374.01,Shopping,meesho order,12,2,2023-12,4
2023-12-07,RAPIDO BIKE #7755,78.83,Transport,rapido bike,12,3,2023-12,5
2023-12-07,MAINTENANCE FEE #7765,4639.84,Bills & Utilities,maintenance fee,12,3,2023-12,0
2023-12-07,RESTAURANT BILL #4555,745.12,Food & Dining,restaurant bill,12,3,2023-12,2
2023-12-08,BIGBASKET ORDER #2457,576.09,Food & Dining,bigbasket order,12,4,2023-12,2
2023-12-08,MOBILE RECHARGE #7171,388.18,Bills & Utilities,mobile recharge,12,4,2023-12,0
2023-12-08,CAFE COFFEE DAY #5533,113.93,Food & Dining,cafe coffee day,12,4,2023-12,2
2023-12-09,EYE CLINIC #1857,2388.76,Health,eye clinic,12,5,2023-12,3
2023-12-09,SUBWAY #8077,1221.69,Food & Dining,subway,12,5,2023-12,2
2023-12-10,GAS CYLINDER #2389,1490.55,Bills & Utilities,gas cylinder,12,6,2023-12,0
2023-12-10,METRO CARD RECHARGE #3999,1895.44,Transport,metro card recharge,12,6,2023-12,5
2023-12-11,DISNEY PLUS #9626,151.88,Entertainment,disney plus,12,0,2023-12,1
2023-12-11,MAINTENANCE FEE #6521,3061.42,Bills & Utilities,maintenance fee,12,0,2023-12,0
2023-12-12,AMAZON PRIME #9180,870.45,Entertainment,amazon prime,12,1,2023-12,1
2023-12-12,GAS CYLINDER #3745,3238.85,Bills & Utilities,gas cylinder,12,1,2023-12,0
2023-12-12,MAINTENANCE FEE #6074,2872.24,Bills & Utilities,maintenance fee,12,1,2023-12,0
2023-12-12,APPLE MUSIC #3526,338.85,Entertainment,apple music,12,1,2023-12,1
2023-12-13,AMAZON PRIME #3806,198.81,Entertainment,amazon prime,12,2,2023-12,1
2023-12-13,OLA RIDE #2922,1961.15,Transport,ola ride,12,2,2023-12,5
2023-12-13,NYKAA COSMETICS #7347,3388.4,Shopping,nykaa cosmetics,12,2,2023-12,4
2023-12-13,KFC ORDER #4669,1467.95,Food & Dining,kfc order,12,2,2023-12,2
2023-12-13,BOOKMYSHOW #3185,161.11,Entertainment,bookmyshow,12,2,2023-12,1
2023-12-14,HOTSTAR PREMIUM #7484,1318.6,Entertainment,hotstar premium,12,3,2023-12,1
2023-12-14,UBER TRIP #7453,765.2,Transport,uber trip,12,3,2023-12,5
2023-12-14,PHARMACY BILL #2612,275.78,Health,pharmacy bill,12,3,2023-12,3
2023-12-15,DENTAL CLINIC #5371,2328.94,Health,dental clinic,12,4,2023-12,3
2023-12-15,MEESHO ORDER #2766,3893.9,Shopping,meesho order,12,4,2023-12,4
2023-12-15,KFC ORDER #2185,779.6,Food & Dining,kfc order,12,4,2023-12,2
2023-12-16,KFC ORDER #5590,377.09,Food & Dining,kfc order,12,5,2023-12,2
2023-12-17,MOVIE TICKET #2522,621.04,Entertainment,movie ticket,12,6,2023-12,1
2023-12-17,METRO CARD RECHARGE #2523,815.89,Transport,metro card recharge,12,6,2023-12,5
2023-12-17,SPOTIFY PREMIUM #9369,469.59,Entertainment,spotify premium,12,6,2023-12,1
2023-12-18,INDIGO AIRLINES #2616,177.51,Transport,indigo airlines,12,0,2023-12,5
2023-12-18,YOUTUBE PREMIUM #1152,110.3,Entertainment,youtube premium,12,0,2023-12,1
2023-12-18,EMI PAYMENT #5067,1440.62,Bills & Utilities,emi payment,12,0,2023-12,0
2023-12-19,ZOMATO ORDER #5076,378.09,Food & Dining,zomato order,12,1,2023-12,2
2023-12-19,PRACTO APPOINTMENT #9120,235.96,Health,practo appointment,12,1,2023-12,3
2023-12-19,DISNEY PLUS #2394,525.87,Entertainment,disney plus,12,1,2023-12,1
2023-12-19,MCDONALD'S #2654,1189.33,Food & Dining,mcdonalds,12,1,2023-12,2
2023-12-19,DOCTOR CONSULTATION #2790,1944.92,Health,doctor consultation,12,1,2023-12,3
2023-12-19,PETROL PUMP #1568,1341.14,Transport,petrol pump,12,1,2023-12,5
2023-12-19,GYM MEMBERSHIP #2196,231.34,Health,gym membership,12,1,2023-12,3
2023-12-20,PHARMACY BILL #7962,2137.52,Health,pharmacy bill,12,2,2023-12,3
2023-12-20,HOSPITAL BILL #7235,382.32,Health,hospital bill,12,2,2023-12,3
2023-12-20,GAMING PURCHASE #6781,1243.95,Entertainment,gaming purchase,12,2,2023-12,1
2023-12-20,LAB TEST #4454,1775.5,Health,lab test,12,2,2023-12,3
2023-12-21,DOCTOR CONSULTATION #9204,2261.82,Health,doctor consultation,12,3,2023-12,3
2023-12-22,INDIGO AIRLINES #4812,653.98,Transport,indigo airlines,12,4,2023-12,5
2023-12-22,LIFESTYLE STORE #8755,1112.14,Shopping,lifestyle store,12,4,2023-12,4
2023-12-22,PHARMACY BILL #3684,1539.6,Health,pharmacy bill,12,4,2023-12,3
2023-12-23,IRCTC TICKET #5182,1549.4,Transport,irctc ticket,12,5,2023-12,5
2023-12-24,DISNEY PLUS #4176,1368.2,Entertainment,disney plus,12,6,2023-12,1
2023-12-24,MEESHO ORDER #9011,2672.92,Shopping,meesho order,12,6,2023-12,4
2023-12-24,YOGA CLASS #7943,2696.9,Health,yoga class,12,6,2023-12,3
2023-12-25,KFC ORDER #1853,1499.87,Food & Dining,kfc order,12,0,2023-12,2
2023-12-25,DISNEY PLUS #9422,242.43,Entertainment,disney plus,12,0,2023-12,1
2023-12-26,WATER BILL #4882,1128.4,Bills & Utilities,water bill,12,1,2023-12,0
2023-12-26,IRCTC TICKET #9078,1767.09,Transport,irctc ticket,12,1,2023-12,5
2023-12-26,GROCERY STORE #6956,456.81,Food & Dining,grocery store,12,1,2023-12,2
2023-12-27,PHARMACY BILL #5712,1841.19,Health,pharmacy bill,12,2,2023-12,3
2023-12-27,DECATHLON SPORTS #9037,3794.47,Shopping,decathlon sports,12,2,2023-12,4
2023-12-27,HOSPITAL BILL #9563,2741.27,Health,hospital bill,12,2,2023-12,3
2023-12-27,HOSPITAL BILL #1462,2140.01,Health,hospital bill,12,2,2023-12,3
2023-12-28,NETFLIX SUBSCRIPTION #8293,1040.82,Entertainment,netflix subscription,12,3,2023-12,1
2023-12-28,LAB TEST #5772,1344.79,Health,lab test,12,3,2023-12,3
2023-12-28,DECATHLON SPORTS #1693,5869.15,Shopping,decathlon sports,12,3,2023-12,4
2023-12-28,YOUTUBE PREMIUM #4944,400.42,Entertainment,youtube premium,12,3,2023-12,1
2023-12-28,GYM MEMBERSHIP #6172,1296.04,Health,gym membership,12,3,2023-12,3
2023-12-28,EMI PAYMENT #7189,3123.0,Bills & Utilities,emi payment,12,3,2023-12,0
2023-12-29,MEDICINE ORDER #3999,1372.98,Health,medicine order,12,4,2023-12,3
2023-12-29,PARKING FEE #9625,527.26,Transport,parking fee,12,4,2023-12,5
2023-12-29,MEESHO ORDER #5088,5402.08,Shopping,meesho order,12,4,2023-12,4
2023-12-29,NETFLIX SUBSCRIPTION #2595,1384.71,Entertainment,netflix subscription,12,4,2023-12,1
2023-12-29,KFC ORDER #3924,741.01,Food & Dining,kfc order,12,4,2023-12,2
2023-12-29,BIGBASKET ORDER #4847,732.85,Food & Dining,bigbasket order,12,4,2023-12,2
2023-12-30,AMAZON ORDER #9188,6521.13,Shopping,amazon order,12,5,2023-12,4
2023-12-31,PRACTO APPOINTMENT #7200,1871.35,Health,practo appointment,12,6,2023-12,3
2023-12-31,GROCERY STORE #8381,761.38,Food & Dining,grocery store,12,6,2023-12,2
2023-12-31,PETROL PUMP #4322,1674.83,Transport,petrol pump,12,6,2023-12,5
2024-01-01,HOSPITAL BILL #3854,2150.83,Health,hospital bill,1,0,2024-01,3
2024-01-01,WATER BILL #4807,1147.52,Bills & Utilities,water bill,1,0,2024-01,0
2024-01-02,RESTAURANT BILL #1324,1149.71,Food & Dining,restaurant bill,1,1,2024-01,2
2024-01-02,INTERNET BILL #1349,3477.32,Bills & Utilities,internet bill,1,1,2024-01,0
2024-01-02,ZOMATO ORDER #5476,272.57,Food & Dining,zomato order,1,1,2024-01,2
2024-01-03,FLIPKART PURCHASE #2519,3163.43,Shopping,flipkart purchase,1,2,2024-01,4
2024-01-03,MCDONALD'S #9770,1405.81,Food & Dining,mcdonalds,1,2,2024-01,2
2024-01-03,AMAZON PRIME #4783,1062.02,Entertainment,amazon prime,1,2,2024-01,1
2024-01-03,HOSPITAL BILL #8863,1442.26,Health,hospital bill,1,2,2024-01,3
2024-01-03,MAINTENANCE FEE #2747,1262.31,Bills & Utilities,maintenance fee,1,2,2024-01,0
2024-01-03,BIGBASKET ORDER #9920,1357.46,Food & Dining,bigbasket order,1,2,2024-01,2
2024-01-03,AUTO RICKSHAW #1319,1979.13,Transport,auto rickshaw,1,2,2024-01,5
2024-01-04,DECATHLON SPORTS #2310,7617.9,Shopping,decathlon sports,1,3,2024-01,4
2024-01-04,METRO CARD RECHARGE #8215,412.97,Transport,metro card recharge,1,3,2024-01,5
2024-01-04,INSURANCE PREMIUM #6886,1611.27,Bills & Utilities,insurance premium,1,3,2024-01,0
2024-01-04,AMAZON PRIME #3776,1043.31,Entertainment,amazon prime,1,3,2024-01,1
2024-01-04,NYKAA COSMETICS #1187,2240.11,Shopping,nykaa cosmetics,1,3,2024-01,4
2024-01-04,CAFE COFFEE DAY #5445,1011.32,Food & Dining,cafe coffee day,1,3,2024-01,2
2024-01-04,PRACTO APPOINTMENT #7829,2515.93,Health,practo appointment,1,3,2024-01,3
2024-01-04,YOGA CLASS #3906,2902.25,Health,yoga class,1,3,2024-01,3
2024-01-04,PRACTO APPOINTMENT #9907,206.62,Health,practo appointment,1,3,2024-01,3
2024-01-05,AJIO ORDER #9381,7558.54,Shopping,ajio order,1,4,2024-01,4
2024-01-05,IKEA PURCHASE #4154,6618.17,Shopping,ikea purchase,1,4,2024-01,4
2024-01-05,RELIANCE TRENDS #6164,6571.41,Shopping,reliance trends,1,4,2024-01,4
2024-01-05,GYM MEMBERSHIP #9485,2732.41,Health,gym membership,1,4,2024-01,3
2024-01-05,RENT PAYMENT #8974,1583.72,Bills & Utilities,rent payment,1,4,2024-01,0
2024-01-05,EMI PAYMENT #9043,852.59,Bills & Utilities,emi payment,1,4,2024-01,0
2024-01-06,PARKING FEE #8538,1669.09,Transport,parking fee,1,5,2024-01,5
2024-01-06,INTERNET BILL #4970,2440.86,Bills & Utilities,internet bill,1,5,2024-01,0
2024-01-06,UBER TRIP #9686,1954.28,Transport,uber trip,1,5,2024-01,5
2024-01-06,DENTAL CLINIC #3134,1060.51,Health,dental clinic,1,5,2024-01,3
2024-01-07,YOGA CLASS #5447,2087.79,Health,yoga class,1,6,2024-01,3
2024-01-07,BOOKMYSHOW #9005,126.29,Entertainment,bookmyshow,1,6,2024-01,1
2024-01-07,INDIGO AIRLINES #8285,1902.59,Transport,indigo airlines,1,6,2024-01,5
2024-01-08,GAS CYLINDER #5133,4746.81,Bills & Utilities,gas cylinder,1,0,2024-01,0
2024-01-08,GAS CYLINDER #1306,3136.7,Bills & Utilities,gas cylinder,1,0,2024-01,0
2024-01-08,YOUTUBE PREMIUM #2626,315.17,Entertainment,youtube premium,1,0,2024-01,1
2024-01-08,HOSPITAL BILL #3730,1883.0,Health,hospital bill,1,0,2024-01,3
2024-01-08,IKEA PURCHASE #8751,5789.93,Shopping,ikea purchase,1,0,2024-01,4
2024-01-08,INSURANCE PREMIUM #9564,3088.05,Bills & Utilities,insurance premium,1,0,2024-01,0
2024-01-09,INDIGO AIRLINES #7477,767.39,Transport,indigo airlines,1,1,2024-01,5
2024-01-09,CAFE COFFEE DAY #5554,707.44,Food & Dining,cafe coffee day,1,1,2024-01,2
2024-01-09,EYE CLINIC #3496,1740.1,Health,eye clinic,1,1,2024-01,3
2024-01-10,RAPIDO BIKE #9837,1756.63,Transport,rapido bike,1,2,2024-01,5
2024-01-10,BOOKMYSHOW #1844,254.46,Entertainment,bookmyshow,1,2,2024-01,1
2024-01-10,METRO CARD RECHARGE #6992,1534.8,Transport,metro card recharge,1,2,2024-01,5
2024-01-11,OLA RIDE #9267,362.9,Transport,ola ride,1,3,2024-01,5
2024-01-11,DENTAL CLINIC #4687,606.96,Health,dental clinic,1,3,2024-01,3
2024-01-11,HOTSTAR PREMIUM #5389,1184.93,Entertainment,hotstar premium,1,3,2024-01,1
2024-01-12,UBER TRIP #8793,1879.99,Transport,uber trip,1,4,2024-01,5
2024-01-12,MYNTRA FASHION #9129,5598.13,Shopping,myntra fashion,1,4,2024-01,4
2024-01-12,WATER BILL #2678,605.69,Bills & Utilities,water bill,1,4,2024-01,0
2024-01-12,HOSPITAL BILL #5476,460.98,Health,hospital bill,1,4,2024-01,3
2024-01-12,YOUTUBE PREMIUM #4695,1375.99,Entertainment,youtube premium,1,4,2024-01,1
2024-01-12,MYNTRA FASHION #6947,3906.73,Shopping,myntra fashion,1,4,2024-01,4
2024-01-12,UBER TRIP #6736,1695.39,Transport,uber trip,1,4,2024-01,5
2024-01-13,DECATHLON SPORTS #8404,493.34,Shopping,decathlon sports,1,5,2024-01,4
2024-01-13,GYM MEMBERSHIP #6016,2025.48,Health,gym membership,1,5,2024-01,3
2024-01-13,ELECTRICITY BILL #6912,2814.71,Bills & Utilities,electricity bill,1,5,2024-01,0
2024-01-13,DENTAL CLINIC #2146,1418.52,Health,dental clinic,1,5,2024-01,3
2024-01-14,AJIO ORDER #3072,3638.93,Shopping,ajio order,1,6,2024-01,4
2024-01-14,MEESHO ORDER #5998,3758.39,Shopping,meesho order,1,6,2024-01,4
2024-01-14,MYNTRA FASHION #7801,1510.8,Shopping,myntra fashion,1,6,2024-01,4
2024-01-15,GAMING PURCHASE #5583,144.84,Entertainment,gaming purchase,1,0,2024-01,1
2024-01-15,IRCTC TICKET #4030,1586.02,Transport,irctc ticket,1,0,2024-01,5
2024-01-15,GAMING PURCHASE #5956,1468.51,Entertainment,gaming purchase,1,0,2024-01,1
2024-01-16,SPOTIFY PREMIUM #8371,1428.3,Entertainment,spotify premium,1,1,2024-01,1
2024-01-17,GAS CYLINDER #8006,1911.19,Bills & Utilities,gas cylinder,1,2,2024-01,0
2024-01-17,RESTAURANT BILL #9515,648.93,Food & Dining,restaurant bill,1,2,2024-01,2
2024-01-17,DTH RECHARGE #5444,4147.39,Bills & Utilities,dth recharge,1,2,2024-01,0
2024-01-17,CAFE COFFEE DAY #2582,1129.65,Food & Dining,cafe coffee day,1,2,2024-01,2
2024-01-18,RAPIDO BIKE #8834,331.78,Transport,rapido bike,1,3,2024-01,5
2024-01-18,RESTAURANT BILL #6003,219.58,Food & Dining,restaurant bill,1,3,2024-01,2
2024-01-18,PETROL PUMP #8454,380.78,Transport,petrol pump,1,3,2024-01,5
2024-01-18,KFC ORDER #6978,1442.81,Food & Dining,kfc order,1,3,2024-01,2
2024-01-18,RENT PAYMENT #7812,4707.4,Bills & Utilities,rent payment,1,3,2024-01,0
2024-01-19,EMI PAYMENT #3575,4683.94,Bills & Utilities,emi payment,1,4,2024-01,0
2024-01-19,PARKING FEE #2300,148.05,Transport,parking fee,1,4,2024-01,5
2024-01-19,PETROL PUMP #9725,775.05,Transport,petrol pump,1,4,2024-01,5
2024-01-19,LIFESTYLE STORE #6120,5387.84,Shopping,lifestyle store,1,4,2024-01,4
2024-01-19,GAMING PURCHASE #2676,109.29,Entertainment,gaming purchase,1,4,2024-01,1
2024-01-19,ZOMATO ORDER #9203,1109.03,Food & Dining,zomato order,1,4,2024-01,2
2024-01-19,AUTO RICKSHAW #5953,374.78,Transport,auto rickshaw,1,4,2024-01,5
2024-01-19,CAFE COFFEE DAY #4305,1396.79,Food & Dining,cafe coffee day,1,4,2024-01,2
2024-01-20,GAS CYLINDER #5402,3176.28,Bills & Utilities,gas cylinder,1,5,2024-01,0
2024-01-20,FLIPKART PURCHASE #1420,7445.32,Shopping,flipkart purchase,1,5,2024-01,4
2024-01-20,AJIO ORDER #3826,5291.82,Shopping,ajio order,1,5,2024-01,4
2024-01-20,DISNEY PLUS #2930,827.19,Entertainment,disney plus,1,5,2024-01,1
2024-01-22,LAB TEST #2307,950.06,Health,lab test,1,0,2024-01,3
2024-01-22,CAFE COFFEE DAY #7022,313.74,Food & Dining,cafe coffee day,1,0,2024-01,2
2024-01-22,YOUTUBE PREMIUM #6654,564.75,Entertainment,youtube premium,1,0,2024-01,1
2024-01-23,AMAZON ORDER #9305,1937.11,Shopping,amazon order,1,1,2024-01,4
2024-01-24,LIFESTYLE STORE #2140,4866.42,Shopping,lifestyle store,1,2,2024-01,4
2024-01-24,MEESHO ORDER #8449,2749.4,Shopping,meesho order,1,2,2024-01,4
2024-01-24,SPOTIFY PREMIUM #4143,688.05,Entertainment,spotify premium,1,2,2024-01,1
2024-01-24,DECATHLON SPORTS #9920,3508.2,Shopping,decathlon sports,1,2,2024-01,4
2024-01-24,FLIPKART PURCHASE #1519,929.3,Shopping,flipkart purchase,1,2,2024-01,4
2024-01-24,MYNTRA FASHION #4214,2772.95,Shopping,myntra fashion,1,2,2024-01,4
2024-01-24,WATER BILL #3963,4190.24,Bills & Utilities,water bill,1,2,2024-01,0
2024-01-24,SWIGGY DELIVERY #5903,518.09,Food & Dining,swiggy delivery,1,2,2024-01,2
2024-01-24,INDIGO AIRLINES #3977,129.06,Transport,indigo airlines,1,2,2024-01,5
2024-01-24,MOVIE TICKET #5715,269.75,Entertainment,movie ticket,1,2,2024-01,1
2024-01-25,BOOKMYSHOW #3087,1294.52,Entertainment,bookmyshow,1,3,2024-01,1
2024-01-25,GAMING PURCHASE #8075,359.22,Entertainment,gaming purchase,1,3,2024-01,1
2024-01-25,PHARMACY BILL #8871,594.48,Health,pharmacy bill,1,3,2024-01,3
2024-01-25,AMAZON ORDER #7483,2791.29,Shopping,amazon order,1,3,2024-01,4
2024-01-25,RENT PAYMENT #1685,3078.86,Bills & Utilities,rent payment,1,3,2024-01,0
2024-01-25,AJIO ORDER #5110,6748.0,Shopping,ajio order,1,3,2024-01,4
2024-01-25,APPLE MUSIC #4697,1185.75,Entertainment,apple music,1,3,2024-01,1
2024-01-25,EMI PAYMENT #1320,4297.99,Bills & Utilities,emi payment,1,3,2024-01,0
2024-01-25,INTERNET BILL #6269,3900.02,Bills & Utilities,internet bill,1,3,2024-01,0
2024-01-26,GYM MEMBERSHIP #4644,1863.38,Health,gym membership,1,4,2024-01,3
2024-01-26,HOSPITAL BILL #7176,2739.48,Health,hospital bill,1,4,2024-01,3
2024-01-26,INTERNET BILL #9199,687.1,Bills & Utilities,internet bill,1,4,2024-01,0
2024-01-26,GROCERY STORE #4863,855.24,Food & Dining,grocery store,1,4,2024-01,2
2024-01-26,DOCTOR CONSULTATION #9964,2860.51,Health,doctor consultation,1,4,2024-01,3
2024-01-26,EYE CLINIC #3243,677.85,Health,eye clinic,1,4,2024-01,3
2024-01-26,BIGBASKET ORDER #8749,1072.58,Food & Dining,bigbasket order,1,4,2024-01,2
2024-01-27,RAPIDO BIKE #2293,1230.7,Transport,rapido bike,1,5,2024-01,5
2024-01-27,METRO CARD RECHARGE #5717,1500.49,Transport,metro card recharge,1,5,2024-01,5
2024-01-27,DOCTOR CONSULTATION #8596,2608.2,Health,doctor consultation,1,5,2024-01,3
2024-01-27,PRACTO APPOINTMENT #7135,2979.28,Health,practo appointment,1,5,2024-01,3
2024-01-27,PARKING FEE #1187,1278.76,Transport,parking fee,1,5,2024-01,5
2024-01-28,BUS PASS #7513,1383.1,Transport,bus pass,1,6,2024-01,5
2024-01-29,SWIGGY DELIVERY #2512,984.38,Food & Dining,swiggy delivery,1,0,2024-01,2
2024-01-29,CAFE COFFEE DAY #6273,780.96,Food & Dining,cafe coffee day,1,0,2024-01,2
2024-01-29,MEESHO ORDER #3893,4524.91,Shopping,meesho order,1,0,2024-01,4
2024-01-30,YOUTUBE PREMIUM #7032,1074.73,Entertainment,youtube premium,1,1,2024-01,1
2024-01-30,EMI PAYMENT #2127,1226.09,Bills & Utilities,emi payment,1,1,2024-01,0
2024-01-31,ZOMATO ORDER #5792,1307.75,Food & Dining,zomato order,1,2,2024-01,2
2024-01-31,BIGBASKET ORDER #2548,859.05,Food & Dining,bigbasket order,1,2,2024-01,2
2024-01-31,RENT PAYMENT #8204,4483.72,Bills & Utilities,rent payment,1,2,2024-01,0
2024-02-01,AMAZON PRIME #6254,1109.13,Entertainment,amazon prime,2,3,2024-02,1
2024-02-01,MAINTENANCE FEE #5341,546.57,Bills & Utilities,maintenance fee,2,3,2024-02,0
2024-02-01,MOVIE TICKET #2015,975.74,Entertainment,movie ticket,2,3,2024-02,1
2024-02-02,EMI PAYMENT #2062,920.42,Bills & Utilities,emi payment,2,4,2024-02,0
2024-02-02,UBER TRIP #1521,1154.89,Transport,uber trip,2,4,2024-02,5
2024-02-02,IKEA PURCHASE #4274,4019.06,Shopping,ikea purchase,2,4,2024-02,4
2024-02-02,NETFLIX SUBSCRIPTION #4594,905.54,Entertainment,netflix subscription,2,4,2024-02,1
2024-02-03,MCDONALD'S #4675,1126.5,Food & Dining,mcdonalds,2,5,2024-02,2
2024-02-03,LIFESTYLE STORE #9753,6770.77,Shopping,lifestyle store,2,5,2024-02,4
2024-02-03,LIFESTYLE STORE #9222,5862.76,Shopping,lifestyle store,2,5,2024-02,4
2024-02-04,ELECTRICITY BILL #6763,1563.2,Bills & Utilities,electricity bill,2,6,2024-02,0
2024-02-05,DENTAL CLINIC #4621,1392.76,Health,dental clinic,2,0,2024-02,3
2024-02-05,RAPIDO BIKE #1029,1899.11,Transport,rapido bike,2,0,2024-02,5
2024-02-06,AMAZON PRIME #4298,512.06,Entertainment,amazon prime,2,1,2024-02,1
2024-02-07,RAPIDO BIKE #6277,1662.11,Transport,rapido bike,2,2,2024-02,5
2024-02-07,IKEA PURCHASE #4617,1394.94,Shopping,ikea purchase,2,2,2024-02,4
2024-02-07,GROCERY STORE #4209,321.94,Food & Dining,grocery store,2,2,2024-02,2
2024-02-07,RENT PAYMENT #1128,4557.97,Bills & Utilities,rent payment,2,2,2024-02,0
2024-02-07,MOBILE RECHARGE #9148,213.56,Bills & Utilities,mobile recharge,2,2,2024-02,0
2024-02-07,METRO CARD RECHARGE #5276,1706.3,Transport,metro card recharge,2,2,2024-02,5
2024-02-07,HOSPITAL BILL #2943,617.57,Health,hospital bill,2,2,2024-02,3
2024-02-07,AMAZON PRIME #6339,625.85,Entertainment,amazon prime,2,2,2024-02,1
2024-02-08,INSURANCE PREMIUM #1533,2562.13,Bills & Utilities,insurance premium,2,3,2024-02,0
2024-02-08,SUBWAY #9261,98.75,Food & Dining,subway,2,3,2024-02,2
2024-02-08,ZOMATO ORDER #1082,880.44,Food & Dining,zomato order,2,3,2024-02,2
2024-02-08,WATER BILL #2565,2576.6,Bills & Utilities,water bill,2,3,2024-02,0
2024-02-08,RESTAURANT BILL #8073,1068.22,Food & Dining,restaurant bill,2,3,2024-02,2
2024-02-08,PARKING FEE #9751,83.12,Transport,parking fee,2,3,2024-02,5
2024-02-09,AMAZON PRIME #4393,1407.99,Entertainment,amazon prime,2,4,2024-02,1
2024-02-09,YOGA CLASS #5382,1855.62,Health,yoga class,2,4,2024-02,3
2024-02-09,DENTAL CLINIC #2145,971.85,Health,dental clinic,2,4,2024-02,3
2024-02-09,DOMINOS PIZZA #8096,1241.44,Food & Dining,dominos pizza,2,4,2024-02,2
2024-02-09,INSURANCE PREMIUM #2392,684.17,Bills & Utilities,insurance premium,2,4,2024-02,0
2024-02-10,EYE CLINIC #4425,120.69,Health,eye clinic,2,5,2024-02,3
2024-02-10,OLA RIDE #9055,1354.03,Transport,ola ride,2,5,2024-02,5
2024-02-10,MOVIE TICKET #5837,129.74,Entertainment,movie ticket,2,5,2024-02,1
2024-02-11,INDIGO AIRLINES #9210,1035.51,Transport,indigo airlines,2,6,2024-02,5
2024-02-11,DOMINOS PIZZA #4696,1297.2,Food & Dining,dominos pizza,2,6,2024-02,2
2024-02-11,DTH RECHARGE #7542,4293.29,Bills & Utilities,dth recharge,2,6,2024-02,0
2024-02-11,INSURANCE PREMIUM #1881,229.19,Bills & Utilities,insurance premium,2,6,2024-02,0
2024-02-11,BOOKMYSHOW #5514,1488.51,Entertainment,bookmyshow,2,6,2024-02,1
2024-02-12,WATER BILL #3255,2694.35,Bills & Utilities,water bill,2,0,2024-02,0
2024-02-12,NYKAA COSMETICS #6641,6238.72,Shopping,nykaa cosmetics,2,0,2024-02,4
2024-02-12,METRO CARD RECHARGE #4432,1862.13,Transport,metro card recharge,2,0,2024-02,5
2024-02-12,MEESHO ORDER #1652,7396.12,Shopping,meesho order,2,0,2024-02,4
2024-02-12,SUBWAY #2892,497.11,Food & Dining,subway,2,0,2024-02,2
2024-02-12,HOSPITAL BILL #2037,2407.47,Health,hospital bill,2,0,2024-02,3
2024-02-13,CAFE COFFEE DAY #5180,308.12,Food & Dining,cafe coffee day,2,1,2024-02,2
2024-02-13,AUTO RICKSHAW #4295,1434.51,Transport,auto rickshaw,2,1,2024-02,5
2024-02-13,EYE CLINIC #8019,2703.69,Health,eye clinic,2,1,2024-02,3
2024-02-14,MAINTENANCE FEE #5764,281.38,Bills & Utilities,maintenance fee,2,2,2024-02,0
2024-02-14,EYE CLINIC #5472,2293.28,Health,eye clinic,2,2,2024-02,3
2024-02-14,MEDICINE ORDER #4826,1859.61,Health,medicine order,2,2,2024-02,3
2024-02-15,DECATHLON SPORTS #2869,6612.5,Shopping,decathlon sports,2,3,2024-02,4
2024-02-15,IRCTC TICKET #7099,749.2,Transport,irctc ticket,2,3,2024-02,5
2024-02-15,NETFLIX SUBSCRIPTION #7296,1402.89,Entertainment,netflix subscription,2,3,2024-02,1
2024-02-15,MEDICINE ORDER #8762,878.17,Health,medicine order,2,3,2024-02,3
2024-02-15,LAB TEST #2642,721.93,Health,lab test,2,3,2024-02,3
2024-02-15,CAFE COFFEE DAY #2734,402.81,Food & Dining,cafe coffee day,2,3,2024-02,2
2024-02-16,FLIPKART PURCHASE #1050,3763.97,Shopping,flipkart purchase,2,4,2024-02,4
2024-02-16,INSURANCE PREMIUM #6133,1080.38,Bills & Utilities,insurance premium,2,4,2024-02,0
2024-02-16,DOMINOS PIZZA #5512,634.31,Food & Dining,dominos pizza,2,4,2024-02,2
2024-02-16,RESTAURANT BILL #7983,539.15,Food & Dining,restaurant bill,2,4,2024-02,2
2024-02-16,DENTAL CLINIC #2914,993.44,Health,dental clinic,2,4,2024-02,3
2024-02-17,ZOMATO ORDER #4411,286.26,Food & Dining,zomato order,2,5,2024-02,2
2024-02-17,WATER BILL #8679,3474.52,Bills & Utilities,water bill,2,5,2024-02,0
2024-02-17,LIFESTYLE STORE #3960,2892.35,Shopping,lifestyle store,2,5,2024-02,4
2024-02-18,GAMING PURCHASE #3434,977.39,Entertainment,gaming purchase,2,6,2024-02,1
2024-02-18,RELIANCE TRENDS #2899,7767.44,Shopping,reliance trends,2,6,2024-02,4
2024-02-18,BIGBASKET ORDER #4261,541.02,Food & Dining,bigbasket order,2,6,2024-02,2
2024-02-18,PARKING FEE #4187,925.88,Transport,parking fee,2,6,2024-02,5
2024-02-18,MEESHO ORDER #7867,3520.61,Shopping,meesho order,2,6,2024-02,4
2024-02-18,PARKING FEE #8105,1277.97,Transport,parking fee,2,6,2024-02,5
2024-02-19,ELECTRICITY BILL #2524,1541.75,Bills & Utilities,electricity bill,2,0,2024-02,0
2024-02-19,LIFESTYLE STORE #7357,3718.78,Shopping,lifestyle store,2,0,2024-02,4
2024-02-19,MOVIE TICKET #2990,1388.53,Entertainment,movie ticket,2,0,2024-02,1
2024-02-20,AMAZON PRIME #3875,954.95,Entertainment,amazon prime,2,1,2024-02,1
2024-02-20,LIFESTYLE STORE #2294,3109.8,Shopping,lifestyle store,2,1,2024-02,4
2024-02-20,RELIANCE TRENDS #3087,4162.01,Shopping,reliance trends,2,1,2024-02,4
2024-02-21,GROCERY STORE #3041,820.63,Food & Dining,grocery store,2,2,2024-02,2
2024-02-21,INDIGO AIRLINES #4463,1829.46,Transport,indigo airlines,2,2,2024-02,5
2024-02-21,AMAZON ORDER #6215,3825.62,Shopping,amazon order,2,2,2024-02,4
2024-02-21,BIGBASKET ORDER #5882,1307.4,Food & Dining,bigbasket order,2,2,2024-02,2
2024-02-22,LAB TEST #6091,1697.43,Health,lab test,2,3,2024-02,3
2024-02-22,METRO CARD RECHARGE #2468,333.83,Transport,metro card recharge,2,3,2024-02,5
2024-02-23,INTERNET BILL #2373,1488.01,Bills & Utilities,internet bill,2,4,2024-02,0
2024-02-23,RAPIDO BIKE #2229,338.37,Transport,rapido bike,2,4,2024-02,5
2024-02-24,FLIPKART PURCHASE #7156,889.9,Shopping,flipkart purchase,2,5,2024-02,4
2024-02-24,HOSPITAL BILL #2463,2419.45,Health,hospital bill,2,5,2024-02,3
2024-02-24,AUTO RICKSHAW #5016,326.62,Transport,auto rickshaw,2,5,2024-02,5
2024-02-24,INDIGO AIRLINES #3301,1649.02,Transport,indigo airlines,2,5,2024-02,5
2024-02-25,GAMING PURCHASE #4826,1298.27,Entertainment,gaming purchase,2,6,2024-02,1
2024-02-25,RENT PAYMENT #2570,3124.78,Bills & Utilities,rent payment,2,6,2024-02,0
2024-02-25,NETFLIX SUBSCRIPTION #3815,556.81,Entertainment,netflix subscription,2,6,2024-02,1
2024-02-26,RELIANCE TRENDS #5222,2884.29,Shopping,reliance trends,2,0,2024-02,4
2024-02-26,DOCTOR CONSULTATION #3221,2892.04,Health,doctor consultation,2,0,2024-02,3
2024-02-26,WATER BILL #3401,3587.04,Bills & Utilities,water bill,2,0,2024-02,0
2024-02-26,DISNEY PLUS #7271,920.1,Entertainment,disney plus,2,0,2024-02,1
2024-02-27,RELIANCE TRENDS #6319,6789.86,Shopping,reliance trends,2,1,2024-02,4
2024-02-28,IKEA PURCHASE #8552,3326.37,Shopping,ikea purchase,2,2,2024-02,4
2024-02-28,BOOKMYSHOW #8577,1197.37,Entertainment,bookmyshow,2,2,2024-02,1
2024-02-29,ELECTRICITY BILL #6569,2241.39,Bills & Utilities,electricity bill,2,3,2024-02,0
2024-02-29,WATER BILL #4396,4017.87,Bills & Utilities,water bill,2,3,2024-02,0
2024-02-29,RENT PAYMENT #8957,3074.67,Bills & Utilities,rent payment,2,3,2024-02,0
2024-02-29,LAB TEST #2143,901.12,Health,lab test,2,3,2024-02,3
2024-03-01,ELECTRICITY BILL #6913,2834.3,Bills & Utilities,electricity bill,3,4,2024-03,0
2024-03-01,AMAZON PRIME #3931,881.35,Entertainment,amazon prime,3,4,2024-03,1
2024-03-01,ELECTRICITY BILL #8429,746.53,Bills & Utilities,electricity bill,3,4,2024-03,0
2024-03-01,MEDICINE ORDER #7703,2085.62,Health,medicine order,3,4,2024-03,3
2024-03-02,RESTAURANT BILL #2940,859.21,Food & Dining,restaurant bill,3,5,2024-03,2
2024-03-02,PRACTO APPOINTMENT #9592,1024.33,Health,practo appointment,3,5,2024-03,3
2024-03-02,RAPIDO BIKE #7438,119.16,Transport,rapido bike,3,5,2024-03,5
2024-03-03,GAMING PURCHASE #7626,1093.01,Entertainment,gaming purchase,3,6,2024-03,1
2024-03-03,SWIGGY DELIVERY #2144,1171.93,Food & Dining,swiggy delivery,3,6,2024-03,2
2024-03-03,DOCTOR CONSULTATION #6771,1730.61,Health,doctor consultation,3,6,2024-03,3
2024-03-03,AMAZON PRIME #3390,121.72,Entertainment,amazon prime,3,6,2024-03,1
2024-03-04,MOBILE RECHARGE #7256,2564.24,Bills & Utilities,mobile recharge,3,0,2024-03,0
2024-03-04,BIGBASKET ORDER #5081,1033.41,Food & Dining,bigbasket order,3,0,2024-03,2
2024-03-04,BOOKMYSHOW #6499,962.16,Entertainment,bookmyshow,3,0,2024-03,1
2024-03-04,GAS CYLINDER #2814,732.77,Bills & Utilities,gas cylinder,3,0,2024-03,0
2024-03-04,NETFLIX SUBSCRIPTION #7342,1245.59,Entertainment,netflix subscription,3,0,2024-03,1
2024-03-04,GROCERY STORE #7293,1303.04,Food & Dining,grocery store,3,0,2024-03,2
2024-03-05,METRO CARD RECHARGE #2996,124.07,Transport,metro card recharge,3,1,2024-03,5
2024-03-05,AUTO RICKSHAW #1434,1135.65,Transport,auto rickshaw,3,1,2024-03,5
2024-03-05,MAINTENANCE FEE #7078,3385.38,Bills & Utilities,maintenance fee,3,1,2024-03,0
2024-03-05,APPLE MUSIC #1651,966.75,Entertainment,apple music,3,1,2024-03,1
2024-03-05,UBER TRIP #1527,1624.67,Transport,uber trip,3,1,2024-03,5
2024-03-05,PHARMACY BILL #1788,1219.22,Health,pharmacy bill,3,1,2024-03,3
2024-03-05,RESTAURANT BILL #9680,1475.52,Food & Dining,restaurant bill,3,1,2024-03,2
2024-03-06,YOUTUBE PREMIUM #7812,186.23,Entertainment,youtube premium,3,2,2024-03,1
2024-03-06,GYM MEMBERSHIP #1769,906.01,Health,gym membership,3,2,2024-03,3
2024-03-07,SPOTIFY PREMIUM #9337,458.06,Entertainment,spotify premium,3,3,2024-03,1
2024-03-07,SUBWAY #7921,873.67,Food & Dining,subway,3,3,2024-03,2
2024-03-08,SWIGGY DELIVERY #3504,959.8,Food & Dining,swiggy delivery,3,4,2024-03,2
2024-03-08,DENTAL CLINIC #5684,2644.68,Health,dental clinic,3,4,2024-03,3
2024-03-08,BOOKMYSHOW #5544,279.02,Entertainment,bookmyshow,3,4,2024-03,1
2024-03-08,RENT PAYMENT #3748,2406.5,Bills & Utilities,rent payment,3,4,2024-03,0
2024-03-08,MOBILE RECHARGE #7931,542.09,Bills & Utilities,mobile recharge,3,4,2024-03,0
2024-03-08,AUTO RICKSHAW #6788,1906.39,Transport,auto rickshaw,3,4,2024-03,5
2024-03-09,MOVIE TICKET #9209,1173.72,Entertainment,movie ticket,3,5,2024-03,1
2024-03-09,DOCTOR CONSULTATION #7730,1125.43,Health,doctor consultation,3,5,2024-03,3
2024-03-09,INDIGO AIRLINES #3705,552.16,Transport,indigo airlines,3,5,2024-03,5
2024-03-09,SPOTIFY PREMIUM #1887,835.56,Entertainment,spotify premium,3,5,2024-03,1
2024-03-09,AUTO RICKSHAW #2531,1302.67,Transport,auto rickshaw,3,5,2024-03,5
2024-03-09,RELIANCE TRENDS #5380,4127.81,Shopping,reliance trends,3,5,2024-03,4
2024-03-09,IRCTC TICKET #5155,544.77,Transport,irctc ticket,3,5,2024-03,5
2024-03-10,BOOKMYSHOW #6995,356.66,Entertainment,bookmyshow,3,6,2024-03,1
2024-03-10,AJIO ORDER #5901,5183.72,Shopping,ajio order,3,6,2024-03,4
2024-03-10,PRACTO APPOINTMENT #8249,937.04,Health,practo appointment,3,6,2024-03,3
2024-03-11,INTERNET BILL #7486,1171.11,Bills & Utilities,internet bill,3,0,2024-03,0
2024-03-11,PETROL PUMP #3133,1962.79,Transport,petrol pump,3,0,2024-03,5
2024-03-11,DOMINOS PIZZA #7813,1297.22,Food & Dining,dominos pizza,3,0,2024-03,2
2024-03-11,MAINTENANCE FEE #2364,4729.23,Bills & Utilities,maintenance fee,3,0,2024-03,0
2024-03-11,NETFLIX SUBSCRIPTION #8231,864.44,Entertainment,netflix subscription,3,0,2024-03,1
2024-03-12,AJIO ORDER #4053,3586.03,Shopping,ajio order,3,1,2024-03,4
2024-03-12,DTH RECHARGE #9698,260.3,Bills & Utilities,dth recharge,3,1,2024-03,0
2024-03-13,METRO CARD RECHARGE #3647,1490.22,Transport,metro card recharge,3,2,2024-03,5
2024-03-13,DOCTOR CONSULTATION #6864,2056.03,Health,doctor consultation,3,2,2024-03,3
2024-03-13,LAB TEST #7169,2856.15,Health,lab test,3,2,2024-03,3
2024-03-14,OLA RIDE #3032,638.43,Transport,ola ride,3,3,2024-03,5
2024-03-14,INSURANCE PREMIUM #5699,1451.53,Bills & Utilities,insurance premium,3,3,2024-03,0
2024-03-14,YOUTUBE PREMIUM #8581,490.12,Entertainment,youtube premium,3,3,2024-03,1
2024-03-14,AUTO RICKSHAW #7672,602.46,Transport,auto rickshaw,3,3,2024-03,5
2024-03-14,APPLE MUSIC #1444,216.61,Entertainment,apple music,3,3,2024-03,1
2024-03-15,MAINTENANCE FEE #5871,4314.82,Bills & Utilities,maintenance fee,3,4,2024-03,0
2024-03-15,ELECTRICITY BILL #4232,2302.92,Bills & Utilities,electricity bill,3,4,2024-03,0
2024-03-16,MOVIE TICKET #1280,802.6,Entertainment,movie ticket,3,5,2024-03,1
2024-03-16,METRO CARD RECHARGE #9582,1821.84,Transport,metro card recharge,3,5,2024-03,5
2024-03-16,GAMING PURCHASE #6432,1451.97,Entertainment,gaming purchase,3,5,2024-03,1
2024-03-16,MEESHO ORDER #9394,1087.78,Shopping,meesho order,3,5,2024-03,4
2024-03-17,AMAZON ORDER #5806,2996.01,Shopping,amazon order,3,6,2024-03,4
2024-03-17,IKEA PURCHASE #1133,6807.94,Shopping,ikea purchase,3,6,2024-03,4
2024-03-17,WATER BILL #6582,1120.37,Bills & Utilities,water bill,3,6,2024-03,0
2024-03-17,AJIO ORDER #8909,5695.14,Shopping,ajio order,3,6,2024-03,4
2024-03-18,BIGBASKET ORDER #1129,198.86,Food & Dining,bigbasket order,3,0,2024-03,2
2024-03-18,INTERNET BILL #3942,4509.83,Bills & Utilities,internet bill,3,0,2024-03,0
2024-03-18,ELECTRICITY BILL #5939,3092.62,Bills & Utilities,electricity bill,3,0,2024-03,0
2024-03-18,MYNTRA FASHION #2975,2528.66,Shopping,myntra fashion,3,0,2024-03,4
2024-03-18,GAS CYLINDER #4053,3238.35,Bills & Utilities,gas cylinder,3,0,2024-03,0
2024-03-18,EMI PAYMENT #9269,541.41,Bills & Utilities,emi payment,3,0,2024-03,0
2024-03-19,KFC ORDER #1795,852.18,Food & Dining,kfc order,3,1,2024-03,2
2024-03-19,UBER TRIP #6198,1429.2,Transport,uber trip,3,1,2024-03,5
2024-03-20,MEDICINE ORDER #5389,2817.77,Health,medicine order,3,2,2024-03,3
2024-03-20,MYNTRA FASHION #9633,7821.39,Shopping,myntra fashion,3,2,2024-03,4
2024-03-20,MAINTENANCE FEE #3651,785.38,Bills & Utilities,maintenance fee,3,2,2024-03,0
2024-03-20,SPOTIFY PREMIUM #7290,777.35,Entertainment,spotify premium,3,2,2024-03,1
2024-03-20,LAB TEST #2354,1549.59,Health,lab test,3,2,2024-03,3
2024-03-21,DOMINOS PIZZA #8727,1392.5,Food & Dining,dominos pizza,3,3,2024-03,2
2024-03-21,CAFE COFFEE DAY #2283,1483.01,Food & Dining,cafe coffee day,3,3,2024-03,2
2024-03-21,RENT PAYMENT #8775,1386.86,Bills & Utilities,rent payment,3,3,2024-03,0
2024-03-21,HOSPITAL BILL #7271,1277.49,Health,hospital bill,3,3,2024-03,3
2024-03-21,DECATHLON SPORTS #3390,693.48,Shopping,decathlon sports,3,3,2024-03,4
2024-03-22,SUBWAY #8936,128.79,Food & Dining,subway,3,4,2024-03,2
2024-03-22,AJIO ORDER #5321,4232.39,Shopping,ajio order,3,4,2024-03,4
2024-03-22,METRO CARD RECHARGE #8604,986.2,Transport,metro card recharge,3,4,2024-03,5
2024-03-22,ZOMATO ORDER #3091,501.92,Food & Dining,zomato order,3,4,2024-03,2
2024-03-23,DECATHLON SPORTS #9410,1349.32,Shopping,decathlon sports,3,5,2024-03,4
2024-03-23,DENTAL CLINIC #2375,943.04,Health,dental clinic,3,5,2024-03,3
2024-03-24,AUTO RICKSHAW #2706,1421.62,Transport,auto rickshaw,3,6,2024-03,5
2024-03-24,CAFE COFFEE DAY #8908,1213.28,Food & Dining,cafe coffee day,3,6,2024-03,2
2024-03-24,NYKAA COSMETICS #2417,2395.84,Shopping,nykaa cosmetics,3,6,2024-03,4
2024-03-24,HOSPITAL BILL #8970,346.1,Health,hospital bill,3,6,2024-03,3
2024-03-24,SPOTIFY PREMIUM #1641,446.09,Entertainment,spotify premium,3,6,2024-03,1
2024-03-24,DOMINOS PIZZA #3793,526.56,Food & Dining,dominos pizza,3,6,2024-03,2
2024-03-24,UBER TRIP #5622,560.31,Transport,uber trip,3,6,2024-03,5
2024-03-25,GYM MEMBERSHIP #4351,291.8,Health,gym membership,3,0,2024-03,3
2024-03-25,MYNTRA FASHION #3014,6819.04,Shopping,myntra fashion,3,0,2024-03,4
2024-03-26,RENT PAYMENT #7277,1265.94,Bills & Utilities,rent payment,3,1,2024-03,0
2024-03-26,APPLE MUSIC #6439,1317.45,Entertainment,apple music,3,1,2024-03,1
2024-03-27,AJIO ORDER #8245,5060.82,Shopping,ajio order,3,2,2024-03,4
2024-03-27,INTERNET BILL #7026,3423.7,Bills & Utilities,internet bill,3,2,2024-03,0
2024-03-28,PETROL PUMP #8794,923.86,Transport,petrol pump,3,3,2024-03,5
2024-03-28,BUS PASS #3572,1464.85,Transport,bus pass,3,3,2024-03,5
2024-03-28,MOBILE RECHARGE #3409,4017.92,Bills & Utilities,mobile recharge,3,3,2024-03,0
2024-03-28,GYM MEMBERSHIP #9919,1910.64,Health,gym membership,3,3,2024-03,3
2024-03-28,MOBILE RECHARGE #9955,874.08,Bills & Utilities,mobile recharge,3,3,2024-03,0
2024-03-29,MYNTRA FASHION #9747,7987.78,Shopping,myntra fashion,3,4,2024-03,4
2024-03-29,DOCTOR CONSULTATION #4734,489.72,Health,doctor consultation,3,4,2024-03,3
2024-03-29,LAB TEST #7745,1886.62,Health,lab test,3,4,2024-03,3
2024-03-29,RESTAURANT BILL #7304,1168.28,Food & Dining,restaurant bill,3,4,2024-03,2
2024-03-30,PHARMACY BILL #4900,2777.89,Health,pharmacy bill,3,5,2024-03,3
2024-03-30,MEESHO ORDER #5018,6671.59,Shopping,meesho order,3,5,2024-03,4
2024-03-30,EMI PAYMENT #7981,916.56,Bills & Utilities,emi payment,3,5,2024-03,0
2024-03-30,HOTSTAR PREMIUM #4533,1118.72,Entertainment,hotstar premium,3,5,2024-03,1
2024-03-30,SWIGGY DELIVERY #4239,1358.62,Food & Dining,swiggy delivery,3,5,2024-03,2
2024-03-30,EMI PAYMENT #6111,3466.53,Bills & Utilities,emi payment,3,5,2024-03,0
2024-03-31,EMI PAYMENT #9686,4225.35,Bills & Utilities,emi payment,3,6,2024-03,0
2024-03-31,SUBWAY #7069,1407.56,Food & Dining,subway,3,6,2024-03,2
2024-03-31,HOTSTAR PREMIUM #2160,1353.01,Entertainment,hotstar premium,3,6,2024-03,1
2024-03-31,MAINTENANCE FEE #9856,4680.8,Bills & Utilities,maintenance fee,3,6,2024-03,0
2024-04-01,PHARMACY BILL #4963,1180.15,Health,pharmacy bill,4,0,2024-04,3
2024-04-01,EMI PAYMENT #9270,2191.03,Bills & Utilities,emi payment,4,0,2024-04,0
2024-04-01,MEESHO ORDER #4066,2344.86,Shopping,meesho order,4,0,2024-04,4
2024-04-01,BUS PASS #7249,757.72,Transport,bus pass,4,0,2024-04,5
2024-04-01,NETFLIX SUBSCRIPTION #2879,1036.18,Entertainment,netflix subscription,4,0,2024-04,1
2024-04-01,MEESHO ORDER #1369,852.0,Shopping,meesho order,4,0,2024-04,4
2024-04-01,RENT PAYMENT #3932,3552.92,Bills & Utilities,rent payment,4,0,2024-04,0
2024-04-01,APPLE MUSIC #3406,1080.11,Entertainment,apple music,4,0,2024-04,1
2024-04-01,DENTAL CLINIC #8648,587.35,Health,dental clinic,4,0,2024-04,3
2024-04-01,CAFE COFFEE DAY #2600,811.63,Food & Dining,cafe coffee day,4,0,2024-04,2
2024-04-01,GROCERY STORE #6651,559.46,Food & Dining,grocery store,4,0,2024-04,2
2024-04-01,OLA RIDE #7874,636.88,Transport,ola ride,4,0,2024-04,5
2024-04-02,APPLE MUSIC #8184,1169.5,Entertainment,apple music,4,1,2024-04,1
2024-04-02,MOVIE TICKET #7389,961.42,Entertainment,movie ticket,4,1,2024-04,1
2024-04-02,LAB TEST #2951,2268.66,Health,lab test,4,1,2024-04,3
2024-04-02,YOGA CLASS #9022,2609.26,Health,yoga class,4,1,2024-04,3
2024-04-03,INTERNET BILL #2291,2349.56,Bills & Utilities,internet bill,4,2,2024-04,0
2024-04-04,RESTAURANT BILL #4139,325.8,Food & Dining,restaurant bill,4,3,2024-04,2
2024-04-04,APPLE MUSIC #3415,267.51,Entertainment,apple music,4,3,2024-04,1
2024-04-04,DOMINOS PIZZA #2430,321.72,Food & Dining,dominos pizza,4,3,2024-04,2
2024-04-04,INDIGO AIRLINES #8601,1516.26,Transport,indigo airlines,4,3,2024-04,5
2024-04-04,BIGBASKET ORDER #1289,932.37,Food & Dining,bigbasket order,4,3,2024-04,2
2024-04-05,MOVIE TICKET #9186,847.05,Entertainment,movie ticket,4,4,2024-04,1
2024-04-05,INDIGO AIRLINES #8947,958.83,Transport,indigo airlines,4,4,2024-04,5
2024-04-05,IRCTC TICKET #7843,442.88,Transport,irctc ticket,4,4,2024-04,5
2024-04-05,SPOTIFY PREMIUM #8444,812.69,Entertainment,spotify premium,4,4,2024-04,1
2024-04-06,GROCERY STORE #5289,391.45,Food & Dining,grocery store,4,5,2024-04,2
2024-04-06,ELECTRICITY BILL #3018,3883.51,Bills & Utilities,electricity bill,4,5,2024-04,0
2024-04-06,GAS CYLINDER #9234,4747.57,Bills & Utilities,gas cylinder,4,5,2024-04,0
2024-04-07,HOSPITAL BILL #8177,2708.88,Health,hospital bill,4,6,2024-04,3
2024-04-07,DENTAL CLINIC #3330,1444.38,Health,dental clinic,4,6,2024-04,3
2024-04-07,DENTAL CLINIC #9730,2708.41,Health,dental clinic,4,6,2024-04,3
2024-04-07,AUTO RICKSHAW #7942,1923.86,Transport,auto rickshaw,4,6,2024-04,5
2024-04-08,INSURANCE PREMIUM #5162,1864.04,Bills & Utilities,insurance premium,4,0,2024-04,0
2024-04-08,HOSPITAL BILL #5282,2940.96,Health,hospital bill,4,0,2024-04,3
2024-04-08,MYNTRA FASHION #1509,7626.35,Shopping,myntra fashion,4,0,2024-04,4
2024-04-08,AMAZON ORDER #2038,3107.95,Shopping,amazon order,4,0,2024-04,4
2024-04-08,AUTO RICKSHAW #1529,736.6,Transport,auto rickshaw,4,0,2024-04,5
2024-04-08,NETFLIX SUBSCRIPTION #3403,1024.89,Entertainment,netflix subscription,4,0,2024-04,1
2024-04-09,KFC ORDER #4524,595.48,Food & Dining,kfc order,4,1,2024-04,2
2024-04-09,KFC ORDER #8129,1171.37,Food & Dining,kfc order,4,1,2024-04,2
2024-04-09,DENTAL CLINIC #5143,2073.97,Health,dental clinic,4,1,2024-04,3
2024-04-10,YOGA CLASS #6143,1802.9,Health,yoga class,4,2,2024-04,3
2024-04-10,RELIANCE TRENDS #1889,6569.39,Shopping,reliance trends,4,2,2024-04,4
2024-04-11,DOMINOS PIZZA #6707,502.24,Food & Dining,dominos pizza,4,3,2024-04,2
2024-04-11,RAPIDO BIKE #5744,247.4,Transport,rapido bike,4,3,2024-04,5
2024-04-11,DOMINOS PIZZA #1149,367.14,Food & Dining,dominos pizza,4,3,2024-04,2
2024-04-11,PHARMACY BILL #3422,857.86,Health,pharmacy bill,4,3,2024-04,3
2024-04-12,DISNEY PLUS #4389,1016.09,Entertainment,disney plus,4,4,2024-04,1
2024-04-12,PHARMACY BILL #9530,417.02,Health,pharmacy bill,4,4,2024-04,3
2024-04-12,UBER TRIP #7566,818.49,Transport,uber trip,4,4,2024-04,5
2024-04-12,DOCTOR CONSULTATION #5717,1974.27,Health,doctor consultation,4,4,2024-04,3
2024-04-12,AUTO RICKSHAW #3900,1193.94,Transport,auto rickshaw,4,4,2024-04,5
2024-04-13,PETROL PUMP #6614,836.11,Transport,petrol pump,4,5,2024-04,5
2024-04-13,LAB TEST #3209,282.99,Health,lab test,4,5,2024-04,3
2024-04-13,BOOKMYSHOW #2075,362.88,Entertainment,bookmyshow,4,5,2024-04,1
2024-04-14,NETFLIX SUBSCRIPTION #2526,1123.04,Entertainment,netflix subscription,4,6,2024-04,1
2024-04-14,INDIGO AIRLINES #7482,1772.83,Transport,indigo airlines,4,6,2024-04,5
2024-04-14,MYNTRA FASHION #2820,6842.88,Shopping,myntra fashion,4,6,2024-04,4
2024-04-15,AMAZON ORDER #1752,976.68,Shopping,amazon order,4,0,2024-04,4
2024-04-15,AJIO ORDER #5333,6495.6,Shopping,ajio order,4,0,2024-04,4
2024-04-15,CAFE COFFEE DAY #6934,971.6,Food & Dining,cafe coffee day,4,0,2024-04,2
2024-04-15,SUBWAY #5994,284.61,Food & Dining,subway,4,0,2024-04,2
2024-04-15,IKEA PURCHASE #6571,827.56,Shopping,ikea purchase,4,0,2024-04,4
2024-04-15,MEESHO ORDER #6269,2864.71,Shopping,meesho order,4,0,2024-04,4
2024-04-16,ELECTRICITY BILL #3224,2459.33,Bills & Utilities,electricity bill,4,1,2024-04,0
2024-04-16,ELECTRICITY BILL #8711,1189.93,Bills & Utilities,electricity bill,4,1,2024-04,0
2024-04-17,MYNTRA FASHION #1958,1339.87,Shopping,myntra fashion,4,2,2024-04,4
2024-04-17,UBER TRIP #6432,271.38,Transport,uber trip,4,2,2024-04,5
2024-04-17,EYE CLINIC #1891,2569.02,Health,eye clinic,4,2,2024-04,3
2024-04-17,SUBWAY #1437,156.13,Food & Dining,subway,4,2,2024-04,2
2024-04-17,DENTAL CLINIC #1440,2863.71,Health,dental clinic,4,2,2024-04,3
2024-04-18,YOGA CLASS #7791,607.19,Health,yoga class,4,3,2024-04,3
2024-04-18,NETFLIX SUBSCRIPTION #2866,1136.46,Entertainment,netflix subscription,4,3,2024-04,1
2024-04-18,NETFLIX SUBSCRIPTION #9556,380.11,Entertainment,netflix subscription,4,3,2024-04,1
2024-04-19,APPLE MUSIC #1399,1466.97,Entertainment,apple music,4,4,2024-04,1
2024-04-19,MOVIE TICKET #9095,882.55,Entertainment,movie ticket,4,4,2024-04,1
2024-04-19,ZOMATO ORDER #9410,545.53,Food & Dining,zomato order,4,4,2024-04,2
2024-04-19,UBER TRIP #8972,255.22,Transport,uber trip,4,4,2024-04,5
2024-04-19,INSURANCE PREMIUM #4127,521.86,Bills & Utilities,insurance premium,4,4,2024-04,0
2024-04-20,DENTAL CLINIC #7131,1545.9,Health,dental clinic,4,5,2024-04,3
2024-04-20,GROCERY STORE #8385,403.6,Food & Dining,grocery store,4,5,2024-04,2
2024-04-20,PARKING FEE #1173,923.22,Transport,parking fee,4,5,2024-04,5
2024-04-20,KFC ORDER #7961,648.88,Food & Dining,kfc order,4,5,2024-04,2
2024-04-20,GROCERY STORE #2900,126.16,Food & Dining,grocery store,4,5,2024-04,2
2024-04-21,YOGA CLASS #9817,2346.46,Health,yoga class,4,6,2024-04,3
2024-04-21,GYM MEMBERSHIP #2017,2036.58,Health,gym membership,4,6,2024-04,3
2024-04-21,DENTAL CLINIC #2286,2923.68,Health,dental clinic,4,6,2024-04,3
2024-04-21,SUBWAY #6085,1042.49,Food & Dining,subway,4,6,2024-04,2
2024-04-22,IKEA PURCHASE #2739,2689.1,Shopping,ikea purchase,4,0,2024-04,4
2024-04-23,INSURANCE PREMIUM #6511,2187.9,Bills & Utilities,insurance premium,4,1,2024-04,0
2024-04-23,RAPIDO BIKE #9163,1992.06,Transport,rapido bike,4,1,2024-04,5
2024-04-23,BIGBASKET ORDER #4102,1018.4,Food & Dining,bigbasket order,4,1,2024-04,2
2024-04-23,DTH RECHARGE #7624,3648.49,Bills & Utilities,dth recharge,4,1,2024-04,0
2024-04-23,PRACTO APPOINTMENT #6804,1328.38,Health,practo appointment,4,1,2024-04,3
2024-04-24,AUTO RICKSHAW #9074,1862.74,Transport,auto rickshaw,4,2,2024-04,5
2024-04-24,MOBILE RECHARGE #6549,4040.74,Bills & Utilities,mobile recharge,4,2,2024-04,0
2024-04-24,PETROL PUMP #8773,490.43,Transport,petrol pump,4,2,2024-04,5
2024-04-24,HOTSTAR PREMIUM #7304,633.65,Entertainment,hotstar premium,4,2,2024-04,1
2024-04-24,SPOTIFY PREMIUM #2522,1237.8,Entertainment,spotify premium,4,2,2024-04,1
2024-04-25,BUS PASS #8506,198.91,Transport,bus pass,4,3,2024-04,5
2024-04-25,SUBWAY #3196,778.37,Food & Dining,subway,4,3,2024-04,2
2024-04-25,YOUTUBE PREMIUM #8635,237.15,Entertainment,youtube premium,4,3,2024-04,1
2024-04-26,ZOMATO ORDER #5609,767.6,Food & Dining,zomato order,4,4,2024-04,2
2024-04-26,GROCERY STORE #7429,153.51,Food & Dining,grocery store,4,4,2024-04,2
2024-04-26,INSURANCE PREMIUM #9629,4164.84,Bills & Utilities,insurance premium,4,4,2024-04,0
2024-04-26,GAMING PURCHASE #9056,1456.65,Entertainment,gaming purchase,4,4,2024-04,1
2024-04-26,LIFESTYLE STORE #5133,6712.31,Shopping,lifestyle store,4,4,2024-04,4
2024-04-26,DISNEY PLUS #1333,646.03,Entertainment,disney plus,4,4,2024-04,1
2024-04-27,AUTO RICKSHAW #5306,497.16,Transport,auto rickshaw,4,5,2024-04,5
2024-04-27,YOGA CLASS #2404,728.12,Health,yoga class,4,5,2024-04,3
2024-04-27,DENTAL CLINIC #3967,951.97,Health,dental clinic,4,5,2024-04,3
2024-04-27,YOUTUBE PREMIUM #1831,281.23,Entertainment,youtube premium,4,5,2024-04,1
2024-04-27,INTERNET BILL #7723,2558.92,Bills & Utilities,internet bill,4,5,2024-04,0
2024-04-28,SWIGGY DELIVERY #7771,528.93,Food & Dining,swiggy delivery,4,6,2024-04,2
2024-04-28,MOVIE TICKET #7807,1268.45,Entertainment,movie ticket,4,6,2024-04,1
2024-04-28,KFC ORDER #5269,838.03,Food & Dining,kfc order,4,6,2024-04,2
2024-04-29,KFC ORDER #7427,539.24,Food & Dining,kfc order,4,0,2024-04,2
2024-04-29,GAS CYLINDER #5913,1944.65,Bills & Utilities,gas cylinder,4,0,2024-04,0
2024-04-29,MOBILE RECHARGE #7275,3308.46,Bills & Utilities,mobile recharge,4,0,2024-04,0
2024-04-29,OLA RIDE #3496,499.93,Transport,ola ride,4,0,2024-04,5
2024-04-29,BIGBASKET ORDER #6080,797.31,Food & Dining,bigbasket order,4,0,2024-04,2
2024-04-29,AUTO RICKSHAW #3167,1455.0,Transport,auto rickshaw,4,0,2024-04,5
2024-04-30,LIFESTYLE STORE #9870,7467.43,Shopping,lifestyle store,4,1,2024-04,4
2024-04-30,LAB TEST #1922,378.54,Health,lab test,4,1,2024-04,3
2024-04-30,ELECTRICITY BILL #5019,4190.59,Bills & Utilities,electricity bill,4,1,2024-04,0
2024-05-01,GYM MEMBERSHIP #7036,1410.56,Health,gym membership,5,2,2024-05,3
2024-05-01,DECATHLON SPORTS #8987,436.06,Shopping,decathlon sports,5,2,2024-05,4
2024-05-01,PETROL PUMP #6075,881.44,Transport,petrol pump,5,2,2024-05,5
2024-05-01,NYKAA COSMETICS #4579,7612.4,Shopping,nykaa cosmetics,5,2,2024-05,4
2024-05-01,WATER BILL #9757,1993.53,Bills & Utilities,water bill,5,2,2024-05,0
2024-05-01,OLA RIDE #1757,512.34,Transport,ola ride,5,2,2024-05,5
2024-05-02,EYE CLINIC #2333,1110.17,Health,eye clinic,5,3,2024-05,3
2024-05-02,DENTAL CLINIC #9837,1759.41,Health,dental clinic,5,3,2024-05,3
2024-05-02,EYE CLINIC #5648,1307.04,Health,eye clinic,5,3,2024-05,3
2024-05-02,MEESHO ORDER #9759,5178.85,Shopping,meesho order,5,3,2024-05,4
2024-05-03,WATER BILL #1217,941.5,Bills & Utilities,water bill,5,4,2024-05,0
2024-05-04,BUS PASS #4909,1093.08,Transport,bus pass,5,5,2024-05,5
2024-05-05,GYM MEMBERSHIP #4633,1074.92,Health,gym membership,5,6,2024-05,3
2024-05-05,LAB TEST #8612,2944.38,Health,lab test,5,6,2024-05,3
2024-05-05,GROCERY STORE #7523,1499.41,Food & Dining,grocery store,5,6,2024-05,2
2024-05-05,PETROL PUMP #6415,1672.64,Transport,petrol pump,5,6,2024-05,5
2024-05-06,SWIGGY DELIVERY #8540,1254.51,Food & Dining,swiggy delivery,5,0,2024-05,2
2024-05-06,CAFE COFFEE DAY #2435,477.1,Food & Dining,cafe coffee day,5,0,2024-05,2
2024-05-07,YOUTUBE PREMIUM #4402,1063.17,Entertainment,youtube premium,5,1,2024-05,1
2024-05-07,RESTAURANT BILL #3724,639.3,Food & Dining,restaurant bill,5,1,2024-05,2
2024-05-08,LAB TEST #1008,274.51,Health,lab test,5,2,2024-05,3
2024-05-08,PARKING FEE #4992,1109.46,Transport,parking fee,5,2,2024-05,5
2024-05-08,APPLE MUSIC #8101,1164.21,Entertainment,apple music,5,2,2024-05,1
2024-05-08,DENTAL CLINIC #8028,765.51,Health,dental clinic,5,2,2024-05,3
2024-05-08,YOUTUBE PREMIUM #7038,257.54,Entertainment,youtube premium,5,2,2024-05,1
2024-05-08,MYNTRA FASHION #6209,7828.57,Shopping,myntra fashion,5,2,2024-05,4
2024-05-08,MCDONALD'S #9313,358.47,Food & Dining,mcdonalds,5,2,2024-05,2
2024-05-08,NETFLIX SUBSCRIPTION #9871,1441.15,Entertainment,netflix subscription,5,2,2024-05,1
2024-05-08,AMAZON PRIME #1054,637.58,Entertainment,amazon prime,5,2,2024-05,1
2024-05-09,BUS PASS #7125,1065.19,Transport,bus pass,5,3,2024-05,5
2024-05-09,GAS CYLINDER #3253,2265.23,Bills & Utilities,gas cylinder,5,3,2024-05,0
2024-05-10,IRCTC TICKET #8904,382.08,Transport,irctc ticket,5,4,2024-05,5
2024-05-10,INSURANCE PREMIUM #3524,1032.04,Bills & Utilities,insurance premium,5,4,2024-05,0
2024-05-10,PHARMACY BILL #3589,1374.86,Health,pharmacy bill,5,4,2024-05,3
2024-05-10,DOCTOR CONSULTATION #2273,154.54,Health,doctor consultation,5,4,2024-05,3
2024-05-11,SUBWAY #6841,1483.79,Food & Dining,subway,5,5,2024-05,2
2024-05-11,LAB TEST #5107,2706.12,Health,lab test,5,5,2024-05,3
2024-05-11,RELIANCE TRENDS #9967,4707.88,Shopping,reliance trends,5,5,2024-05,4
2024-05-11,AUTO RICKSHAW #5610,764.84,Transport,auto rickshaw,5,5,2024-05,5
2024-05-11,SPOTIFY PREMIUM #3589,1199.47,Entertainment,spotify premium,5,5,2024-05,1
2024-05-12,FLIPKART PURCHASE #9423,2056.44,Shopping,flipkart purchase,5,6,2024-05,4
2024-05-12,RAPIDO BIKE #1512,428.1,Transport,rapido bike,5,6,2024-05,5
2024-05-13,RAPIDO BIKE #8157,1589.93,Transport,rapido bike,5,0,2024-05,5
2024-05-13,FLIPKART PURCHASE #4234,5859.6,Shopping,flipkart purchase,5,0,2024-05,4
2024-05-13,AMAZON PRIME #2977,886.34,Entertainment,amazon prime,5,0,2024-05,1
2024-05-13,MOBILE RECHARGE #8454,1497.72,Bills & Utilities,mobile recharge,5,0,2024-05,0
2024-05-14,BUS PASS #3954,1564.51,Transport,bus pass,5,1,2024-05,5
2024-05-14,DENTAL CLINIC #1580,2812.7,Health,dental clinic,5,1,2024-05,3
2024-05-14,MEDICINE ORDER #6878,217.22,Health,medicine order,5,1,2024-05,3
2024-05-14,RELIANCE TRENDS #6326,5450.9,Shopping,reliance trends,5,1,2024-05,4
2024-05-14,DENTAL CLINIC #7226,2867.0,Health,dental clinic,5,1,2024-05,3
2024-05-15,LAB TEST #7769,1711.79,Health,lab test,5,2,2024-05,3
2024-05-15,OLA RIDE #2946,504.49,Transport,ola ride,5,2,2024-05,5
2024-05-15,MEESHO ORDER #3999,6589.18,Shopping,meesho order,5,2,2024-05,4
2024-05-15,INSURANCE PREMIUM #9788,3939.03,Bills & Utilities,insurance premium,5,2,2024-05,0
2024-05-15,UBER TRIP #4954,1448.55,Transport,uber trip,5,2,2024-05,5
2024-05-16,MEDICINE ORDER #5828,1673.93,Health,medicine order,5,3,2024-05,3
2024-05-16,YOUTUBE PREMIUM #7937,1495.11,Entertainment,youtube premium,5,3,2024-05,1
2024-05-16,AUTO RICKSHAW #6022,1189.99,Transport,auto rickshaw,5,3,2024-05,5
2024-05-16,INDIGO AIRLINES #2867,546.84,Transport,indigo airlines,5,3,2024-05,5
2024-05-16,SPOTIFY PREMIUM #7797,1016.55,Entertainment,spotify premium,5,3,2024-05,1
2024-05-16,BOOKMYSHOW #1207,1289.26,Entertainment,bookmyshow,5,3,2024-05,1
2024-05-17,AMAZON PRIME #8800,1003.91,Entertainment,amazon prime,5,4,2024-05,1
2024-05-17,DTH RECHARGE #5775,3700.88,Bills & Utilities,dth recharge,5,4,2024-05,0
2024-05-17,DOCTOR CONSULTATION #9385,1243.83,Health,doctor consultation,5,4,2024-05,3
2024-05-17,IKEA PURCHASE #8289,1290.87,Shopping,ikea purchase,5,4,2024-05,4
2024-05-17,LIFESTYLE STORE #8986,6159.29,Shopping,lifestyle store,5,4,2024-05,4
2024-05-18,YOUTUBE PREMIUM #5458,1080.36,Entertainment,youtube premium,5,5,2024-05,1
2024-05-18,DTH RECHARGE #1145,596.56,Bills & Utilities,dth recharge,5,5,2024-05,0
2024-05-18,LAB TEST #9757,1937.29,Health,lab test,5,5,2024-05,3
2024-05-18,YOGA CLASS #1105,2962.37,Health,yoga class,5,5,2024-05,3
2024-05-18,NYKAA COSMETICS #6094,2386.7,Shopping,nykaa cosmetics,5,5,2024-05,4
2024-05-18,HOSPITAL BILL #4014,2571.18,Health,hospital bill,5,5,2024-05,3
2024-05-18,NYKAA COSMETICS #8687,4373.77,Shopping,nykaa cosmetics,5,5,2024-05,4
2024-05-19,UBER TRIP #2964,1842.77,Transport,uber trip,5,6,2024-05,5
2024-05-19,INDIGO AIRLINES #6947,102.49,Transport,indigo airlines,5,6,2024-05,5
2024-05-20,EYE CLINIC #4974,1445.39,Health,eye clinic,5,0,2024-05,3
2024-05-20,YOUTUBE PREMIUM #2653,1210.67,Entertainment,youtube premium,5,0,2024-05,1
2024-05-20,INSURANCE PREMIUM #1094,3079.12,Bills & Utilities,insurance premium,5,0,2024-05,0
2024-05-21,MEDICINE ORDER #8150,436.47,Health,medicine order,5,1,2024-05,3
2024-05-21,APPLE MUSIC #7209,570.29,Entertainment,apple music,5,1,2024-05,1
2024-05-22,DOMINOS PIZZA #9283,1280.83,Food & Dining,dominos pizza,5,2,2024-05,2
2024-05-22,NYKAA COSMETICS #5040,5823.02,Shopping,nykaa cosmetics,5,2,2024-05,4
2024-05-23,IKEA PURCHASE #6797,7431.42,Shopping,ikea purchase,5,3,2024-05,4
2024-05-23,AMAZON ORDER #1803,7302.81,Shopping,amazon order,5,3,2024-05,4
2024-05-24,MCDONALD'S #5146,67.7,Food & Dining,mcdonalds,5,4,2024-05,2
2024-05-24,SUBWAY #8324,508.29,Food & Dining,subway,5,4,2024-05,2
2024-05-24,MAINTENANCE FEE #4308,1538.46,Bills & Utilities,maintenance fee,5,4,2024-05,0
2024-05-24,MOVIE TICKET #8305,125.29,Entertainment,movie ticket,5,4,2024-05,1
2024-05-24,NYKAA COSMETICS #6375,1135.88,Shopping,nykaa cosmetics,5,4,2024-05,4
2024-05-25,OLA RIDE #5026,1305.14,Transport,ola ride,5,5,2024-05,5
2024-05-25,SWIGGY DELIVERY #1865,1253.95,Food & Dining,swiggy delivery,5,5,2024-05,2
2024-05-25,EMI PAYMENT #9260,759.72,Bills & Utilities,emi payment,5,5,2024-05,0
2024-05-25,AUTO RICKSHAW #6927,1256.59,Transport,auto rickshaw,5,5,2024-05,5
2024-05-25,INTERNET BILL #6601,2159.19,Bills & Utilities,internet bill,5,5,2024-05,0
2024-05-26,EYE CLINIC #8489,282.14,Health,eye clinic,5,6,2024-05,3
2024-05-27,BOOKMYSHOW #6770,323.94,Entertainment,bookmyshow,5,0,2024-05,1
2024-05-27,AJIO ORDER #7664,3678.66,Shopping,ajio order,5,0,2024-05,4
2024-05-29,DISNEY PLUS #4103,1150.53,Entertainment,disney plus,5,2,2024-05,1
2024-05-29,WATER BILL #4373,1746.24,Bills & Utilities,water bill,5,2,2024-05,0
2024-05-29,PARKING FEE #6084,1187.36,Transport,parking fee,5,2,2024-05,5
2024-05-29,INSURANCE PREMIUM #8940,1785.77,Bills & Utilities,insurance premium,5,2,2024-05,0
2024-05-30,WATER BILL #8910,2153.12,Bills & Utilities,water bill,5,3,2024-05,0
2024-05-30,EMI PAYMENT #1639,4400.99,Bills & Utilities,emi payment,5,3,2024-05,0
2024-05-31,IKEA PURCHASE #5728,773.55,Shopping,ikea purchase,5,4,2024-05,4
2024-05-31,DOMINOS PIZZA #3955,847.45,Food & Dining,dominos pizza,5,4,2024-05,2
2024-05-31,UBER TRIP #1271,428.63,Transport,uber trip,5,4,2024-05,5
2024-05-31,LAB TEST #9520,2641.08,Health,lab test,5,4,2024-05,3
2024-05-31,MAINTENANCE FEE #3175,3833.56,Bills & Utilities,maintenance fee,5,4,2024-05,0
2024-05-31,APPLE MUSIC #1745,106.51,Entertainment,apple music,5,4,2024-05,1
2024-06-01,EMI PAYMENT #9692,1545.0,Bills & Utilities,emi payment,6,5,2024-06,0
2024-06-01,GAS CYLINDER #4196,4094.56,Bills & Utilities,gas cylinder,6,5,2024-06,0
2024-06-01,AMAZON PRIME #4012,828.37,Entertainment,amazon prime,6,5,2024-06,1
2024-06-02,EMI PAYMENT #8851,2953.0,Bills & Utilities,emi payment,6,6,2024-06,0
2024-06-02,NETFLIX SUBSCRIPTION #5277,344.22,Entertainment,netflix subscription,6,6,2024-06,1
2024-06-02,MAINTENANCE FEE #3700,1338.56,Bills & Utilities,maintenance fee,6,6,2024-06,0
2024-06-02,BOOKMYSHOW #8439,100.01,Entertainment,bookmyshow,6,6,2024-06,1
2024-06-02,SPOTIFY PREMIUM #2075,534.88,Entertainment,spotify premium,6,6,2024-06,1
2024-06-03,BOOKMYSHOW #2108,1434.72,Entertainment,bookmyshow,6,0,2024-06,1
2024-06-03,IRCTC TICKET #5902,1199.64,Transport,irctc ticket,6,0,2024-06,5
2024-06-03,YOGA CLASS #9201,2309.69,Health,yoga class,6,0,2024-06,3
2024-06-03,FLIPKART PURCHASE #2479,4997.07,Shopping,flipkart purchase,6,0,2024-06,4
2024-06-04,KFC ORDER #7143,795.75,Food & Dining,kfc order,6,1,2024-06,2
2024-06-04,MYNTRA FASHION #3852,6390.83,Shopping,myntra fashion,6,1,2024-06,4
2024-06-04,INDIGO AIRLINES #3369,785.66,Transport,indigo airlines,6,1,2024-06,5
2024-06-05,BOOKMYSHOW #3363,377.88,Entertainment,bookmyshow,6,2,2024-06,1
2024-06-05,YOGA CLASS #4366,1601.47,Health,yoga class,6,2,2024-06,3
2024-06-05,SWIGGY DELIVERY #9015,980.04,Food & Dining,swiggy delivery,6,2,2024-06,2
2024-06-06,ZOMATO ORDER #2615,425.17,Food & Dining,zomato order,6,3,2024-06,2
2024-06-06,DTH RECHARGE #2462,2955.36,Bills & Utilities,dth recharge,6,3,2024-06,0
2024-06-06,MEESHO ORDER #1550,6314.88,Shopping,meesho order,6,3,2024-06,4
2024-06-06,EYE CLINIC #9008,363.73,Health,eye clinic,6,3,2024-06,3
2024-06-07,DECATHLON SPORTS #7626,7902.68,Shopping,decathlon sports,6,4,2024-06,4
2024-06-07,DISNEY PLUS #5651,398.44,Entertainment,disney plus,6,4,2024-06,1
2024-06-07,GYM MEMBERSHIP #7097,1734.56,Health,gym membership,6,4,2024-06,3
2024-06-07,EYE CLINIC #2262,1538.83,Health,eye clinic,6,4,2024-06,3
2024-06-07,MAINTENANCE FEE #8244,3410.57,Bills & Utilities,maintenance fee,6,4,2024-06,0
2024-06-08,DECATHLON SPORTS #3185,1277.8,Shopping,decathlon sports,6,5,2024-06,4
2024-06-08,APPLE MUSIC #3639,287.75,Entertainment,apple music,6,5,2024-06,1
2024-06-09,NETFLIX SUBSCRIPTION #2253,1384.14,Entertainment,netflix subscription,6,6,2024-06,1
2024-06-09,ELECTRICITY BILL #4217,628.31,Bills & Utilities,electricity bill,6,6,2024-06,0
2024-06-09,GYM MEMBERSHIP #5408,1989.6,Health,gym membership,6,6,2024-06,3
2024-06-09,PRACTO APPOINTMENT #9110,2085.61,Health,practo appointment,6,6,2024-06,3
2024-06-09,MAINTENANCE FEE #3119,4843.36,Bills & Utilities,maintenance fee,6,6,2024-06,0
2024-06-09,EMI PAYMENT #3090,1369.4,Bills & Utilities,emi payment,6,6,2024-06,0
2024-06-10,AJIO ORDER #5380,7628.7,Shopping,ajio order,6,0,2024-06,4
2024-06-11,BUS PASS #7411,1162.04,Transport,bus pass,6,1,2024-06,5
2024-06-11,INSURANCE PREMIUM #3235,2450.31,Bills & Utilities,insurance premium,6,1,2024-06,0
2024-06-12,RENT PAYMENT #7706,4500.52,Bills & Utilities,rent payment,6,2,2024-06,0
2024-06-12,KFC ORDER #1862,310.05,Food & Dining,kfc order,6,2,2024-06,2
2024-06-13,NYKAA COSMETICS #5895,1669.21,Shopping,nykaa cosmetics,6,3,2024-06,4
2024-06-13,IRCTC TICKET #9185,294.91,Transport,irctc ticket,6,3,2024-06,5
2024-06-13,ELECTRICITY BILL #9226,2898.98,Bills & Utilities,electricity bill,6,3,2024-06,0
2024-06-13,BUS PASS #2215,916.45,Transport,bus pass,6,3,2024-06,5
2024-06-13,NYKAA COSMETICS #5526,4535.17,Shopping,nykaa cosmetics,6,3,2024-06,4
2024-06-14,RENT PAYMENT #5489,696.42,Bills & Utilities,rent payment,6,4,2024-06,0
2024-06-14,LAB TEST #8490,2931.87,Health,lab test,6,4,2024-06,3
2024-06-14,INDIGO AIRLINES #8192,51.1,Transport,indigo airlines,6,4,2024-06,5
2024-06-14,INSURANCE PREMIUM #1907,4173.81,Bills & Utilities,insurance premium,6,4,2024-06,0
2024-06-15,ELECTRICITY BILL #5068,1572.94,Bills & Utilities,electricity bill,6,5,2024-06,0
2024-06-16,METRO CARD RECHARGE #2578,1527.54,Transport,metro card recharge,6,6,2024-06,5
2024-06-16,LAB TEST #1947,2935.43,Health,lab test,6,6,2024-06,3
2024-06-17,GAS CYLINDER #2438,3676.46,Bills & Utilities,gas cylinder,6,0,2024-06,0
2024-06-17,MYNTRA FASHION #1691,6008.85,Shopping,myntra fashion,6,0,2024-06,4
2024-06-17,HOSPITAL BILL #2691,2140.84,Health,hospital bill,6,0,2024-06,3
2024-06-17,DECATHLON SPORTS #6950,6033.58,Shopping,decathlon sports,6,0,2024-06,4
2024-06-17,MOBILE RECHARGE #4575,2386.82,Bills & Utilities,mobile recharge,6,0,2024-06,0
2024-06-17,METRO CARD RECHARGE #3347,1971.82,Transport,metro card recharge,6,0,2024-06,5
2024-06-18,UBER TRIP #9196,1867.88,Transport,uber trip,6,1,2024-06,5
2024-06-18,LAB TEST #8135,610.8,Health,lab test,6,1,2024-06,3
2024-06-18,MCDONALD'S #1685,190.42,Food & Dining,mcdonalds,6,1,2024-06,2
2024-06-19,INTERNET BILL #4272,3912.0,Bills & Utilities,internet bill,6,2,2024-06,0
2024-06-19,DENTAL CLINIC #4471,691.02,Health,dental clinic,6,2,2024-06,3
2024-06-19,YOUTUBE PREMIUM #1202,1200.96,Entertainment,youtube premium,6,2,2024-06,1
2024-06-19,HOSPITAL BILL #3277,2469.41,Health,hospital bill,6,2,2024-06,3
2024-06-19,WATER BILL #4468,4054.81,Bills & Utilities,water bill,6,2,2024-06,0
2024-06-20,NYKAA COSMETICS #8444,7914.98,Shopping,nykaa cosmetics,6,3,2024-06,4
2024-06-21,GROCERY STORE #6393,814.23,Food & Dining,grocery store,6,4,2024-06,2
2024-06-21,HOSPITAL BILL #7457,1873.36,Health,hospital bill,6,4,2024-06,3
2024-06-21,PETROL PUMP #5968,964.99,Transport,petrol pump,6,4,2024-06,5
2024-06-21,PETROL PUMP #8933,574.7,Transport,petrol pump,6,4,2024-06,5
2024-06-22,GAS CYLINDER #7868,1077.34,Bills & Utilities,gas cylinder,6,5,2024-06,0
2024-06-22,INTERNET BILL #8309,482.56,Bills & Utilities,internet bill,6,5,2024-06,0
2024-06-22,AMAZON PRIME #4087,1212.94,Entertainment,amazon prime,6,5,2024-06,1
2024-06-23,DOCTOR CONSULTATION #3327,2217.54,Health,doctor consultation,6,6,2024-06,3
2024-06-23,PHARMACY BILL #7170,1790.71,Health,pharmacy bill,6,6,2024-06,3
2024-06-23,GYM MEMBERSHIP #3540,2798.94,Health,gym membership,6,6,2024-06,3
2024-06-24,PARKING FEE #2341,1065.25,Transport,parking fee,6,0,2024-06,5
2024-06-24,GYM MEMBERSHIP #8944,624.35,Health,gym membership,6,0,2024-06,3
